-- phpMyAdmin SQL Dump
-- version 2.9.0.2
-- http://www.phpmyadmin.net
-- 
-- Host: localhost:3306
-- Generation Time: Jul 12, 2008 at 02:47 PM
-- Server version: 5.0.45
-- PHP Version: 5.2.0
-- 
-- Database: `tirtash_db`
-- 

-- --------------------------------------------------------

-- 
-- Table structure for table `xxaccounting`
-- 

CREATE TABLE `xxaccounting` (
  `xaccountingid` int(20) unsigned NOT NULL auto_increment,
  `xtransportid` int(20) unsigned default NULL,
  `xidentityid` int(20) unsigned default NULL,
  `xaccounttype` enum('Pay','Receive','Invoice') collate utf8_persian_ci default NULL,
  `xaccountnumber` varchar(100) collate utf8_persian_ci default NULL COMMENT 'شماره سند',
  `xamount` int(20) NOT NULL default '0',
  `xfor` varchar(200) collate utf8_persian_ci default NULL COMMENT 'بابت',
  `xaccountdate` date default NULL,
  `xcomment` text collate utf8_persian_ci,
  `xpay` enum('Yes','No') collate utf8_persian_ci NOT NULL default 'No',
  `xinvoicedate` date default NULL,
  `xfilename` varchar(100) collate utf8_persian_ci default NULL,
  PRIMARY KEY  (`xaccountingid`)
) ENGINE=MyISAM  DEFAULT CHARSET=utf8 COLLATE=utf8_persian_ci AUTO_INCREMENT=8 ;

-- 
-- Dumping data for table `xxaccounting`
-- 

INSERT INTO `xxaccounting` (`xaccountingid`, `xtransportid`, `xidentityid`, `xaccounttype`, `xaccountnumber`, `xamount`, `xfor`, `xaccountdate`, `xcomment`, `xpay`, `xinvoicedate`, `xfilename`) VALUES 
(2, 9, 5, 'Pay', '1', 150, '', '2007-11-17', '', 'Yes', '0000-00-00', NULL),
(5, 42, 8, 'Pay', '', 0, '', NULL, '', 'No', '0000-00-00', ''),
(6, 49, 10, 'Receive', '', 100000, '', '2008-01-15', '', 'Yes', '0000-00-00', ''),
(7, 49, 11, 'Pay', '', 900, '', '2008-01-24', '', 'Yes', '0000-00-00', '');

-- --------------------------------------------------------

-- 
-- Table structure for table `xxaccountinggroup`
-- 

CREATE TABLE `xxaccountinggroup` (
  `xaccountinggroupid` int(20) unsigned NOT NULL auto_increment,
  `xaccountingid` int(20) unsigned NOT NULL,
  `xgroupid` int(20) unsigned NOT NULL,
  PRIMARY KEY  (`xaccountinggroupid`)
) ENGINE=MyISAM DEFAULT CHARSET=utf8 COLLATE=utf8_persian_ci AUTO_INCREMENT=1 ;

-- 
-- Dumping data for table `xxaccountinggroup`
-- 


-- --------------------------------------------------------

-- 
-- Table structure for table `xxbondtype`
-- 

CREATE TABLE `xxbondtype` (
  `xbondtypeid` int(20) unsigned NOT NULL auto_increment,
  `xbondtype` varchar(200) collate utf8_persian_ci NOT NULL,
  PRIMARY KEY  (`xbondtypeid`)
) ENGINE=MyISAM  DEFAULT CHARSET=utf8 COLLATE=utf8_persian_ci AUTO_INCREMENT=4 ;

-- 
-- Dumping data for table `xxbondtype`
-- 

INSERT INTO `xxbondtype` (`xbondtypeid`, `xbondtype`) VALUES 
(1, 'Iran'),
(2, 'Razi'),
(3, 'Asia');

-- --------------------------------------------------------

-- 
-- Table structure for table `xxcarrier`
-- 

CREATE TABLE `xxcarrier` (
  `xcarrierid` int(20) unsigned NOT NULL auto_increment,
  `xusernameid` varchar(20) collate utf8_persian_ci NOT NULL,
  `xcarrier` varchar(100) collate utf8_persian_ci default NULL,
  `xcarriertype` enum('Person','Company') collate utf8_persian_ci default NULL,
  `xphone` varchar(100) collate utf8_persian_ci default NULL,
  `xfax` varchar(100) collate utf8_persian_ci default NULL,
  `xmanager` varchar(100) collate utf8_persian_ci default NULL,
  `xmanagerphone` varchar(100) collate utf8_persian_ci default NULL,
  `xresponsible` varchar(100) collate utf8_persian_ci default NULL,
  `xresponsiblephone` varchar(100) collate utf8_persian_ci default NULL,
  `xaddress` varchar(100) collate utf8_persian_ci default NULL,
  PRIMARY KEY  (`xcarrierid`),
  KEY `xusernameid` (`xusernameid`)
) ENGINE=MyISAM  DEFAULT CHARSET=utf8 COLLATE=utf8_persian_ci AUTO_INCREMENT=73 ;

-- 
-- Dumping data for table `xxcarrier`
-- 

INSERT INTO `xxcarrier` (`xcarrierid`, `xusernameid`, `xcarrier`, `xcarriertype`, `xphone`, `xfax`, `xmanager`, `xmanagerphone`, `xresponsible`, `xresponsiblephone`, `xaddress`) VALUES 
(1, 'cri1', 'blue gulf', 'Company', '021-88884062', '021-88886175', '', '', '', '', ''),
(2, 'cri2', 'Tir Tash Rah Int''L', 'Company', '', '', '', '', '', '', ''),
(3, 'cri3', 'IRISL', 'Company', '23841', '', '', '', '', '', ''),
(5, 'cri5', 'Hadaf bar darya shipping co ltd.', 'Company', '021-88714229', '021-88714138', '', '', '', '', '# 13, 4th floor,21th bld, Khaled eslamboli AVE-Tehran'),
(14, 'cri14', 'Doraghi', 'Company', '021-88302066-8', '', '', '', '', '', ''),
(7, 'cri7', 'none', 'Company', '', '', '', '', '', '', 'none'),
(18, 'cri18', 'Pishahang gorgan', 'Company', '0171-2360611/13', '0171-2322549', '', '', '', '', 'gorgan'),
(17, 'cri17', 'Sharq Trans Servis', 'Company', '998-71 397-65-76', '998-71 397-58-89', '', '', '', '', ''),
(15, 'cri15', 'Jahan darya Zamin', 'Company', '88727255', '88727258', '', '', '', '', 'Bockarest Ave, No32 4th floor Tehran'),
(16, 'cri16', 'Jet marin services', 'Company', '88795650', '88798066', '', '', '', '', '2nd floor building #20 25 street alvand Ave, Arjanteen Squ, Tehran'),
(19, 'cri19', 'Iran dahr', 'Company', '021-88701778/9', '021-88810540', '', '', '', '', 'Tehran'),
(20, 'cri20', 'pishahangsirjan', 'Company', '0345-5229098', '0345-5224594', '', '', '', '', 'sirjan'),
(21, 'cri21', 'Iran danish shipping co', 'Company', '+9821-871-1772', '+98218729665', '', '', '', '', ''),
(22, 'cri22', 'sharq trans servis', 'Company', '998-71-3976576', '998-71-3975889', '', '', '', '', ''),
(23, 'cri23', 'PEY BAN TOOS ', 'Company', '0511-2226998', '0511-2228105 -  2259177', '', '', '', '', 'MASHHAD'),
(24, 'cri24', 'SOROOSH TARABER', 'Company', '0511-2237280', '0511 - 2237293', '', '', '', '', 'MASHHAD'),
(25, 'cri25', 'TARANNOM SHARGH', 'Company', '0511 - 7680332-33', '0511 - 7689541', '', '', '', '', 'MASHHAD'),
(26, 'cri26', 'ASHENA RAH', 'Company', '021 - 88832400', '021 - 88834966', '', '', '', '', 'TEHRAN'),
(27, 'cri27', 'Haft Darya', 'Company', '22225303', '', '', '', '', '', ''),
(28, 'cri28', 'IRANIAN B,ABBAS', 'Company', '0761 - 4514341 - 4', '0761 - 4514368', '', '', '', '', 'B.ABBAS'),
(29, 'cri29', 'IRANIAN TEHRAN', 'Company', '021 - 88742910 - 4', '021 - 88742800', '', '', '', '', 'TEHRAN'),
(30, 'cri30', 'CHAIN INT,L TRANSPRT CO', 'Company', '021 - 88774700  - 88874434', '021 - 88888364', '', '', '', '', 'TEHRAN'),
(34, 'cri34', 'Bultic lines', 'Company', '', '', '', '', '', '', ''),
(33, 'cri33', 'Rah Ahan', 'Company', '', '', '', '', '', '', ''),
(32, 'cri32', 'BAHARAN', 'Company', '0511 - 7621126 - 8', '0511 - 7621129', '', '', '', '', 'MASHHAD'),
(35, 'cri35', 'Toshe Bar', 'Company', '88748500', '', '', '', '', '', ''),
(36, '', 'blue gulf', 'Person', NULL, NULL, NULL, NULL, NULL, NULL, NULL),
(37, 'cri37', 'Sadafe daryaee khalije fars', 'Company', '00982188042158', '00982188042154', '', '', '', '', 'co ltd,unit 16,4th floor,no 166.Molla sadra bld.Mollasadra Ave.Tehran.Iran'),
(38, 'cri38', 'SIMA MARINE SHIPPING AGENCY', 'Company', '+982188773555', '+982188778624', '', '', '', '', 'no.40 , alvand Ave. Argentine sq. 15166.Tehran'),
(39, '', 'sima marine shipping agency', 'Person', NULL, NULL, NULL, NULL, NULL, NULL, NULL),
(40, '', 'SIMA MARINE SHIPPING AGENCY', 'Person', NULL, NULL, NULL, NULL, NULL, NULL, NULL),
(41, '', 'sima marine shipping agency', 'Person', NULL, NULL, NULL, NULL, NULL, NULL, NULL),
(42, '', 'sima marine shipping agency', 'Person', NULL, NULL, NULL, NULL, NULL, NULL, NULL),
(43, 'cri43', 'Forogh darya', 'Company', '88655250-65', '', '', '', '', '', ''),
(44, '', 'Tir Tash Rah Int''L', 'Person', NULL, NULL, NULL, NULL, NULL, NULL, NULL),
(45, 'cri45', 'ZARIN BORNA INT,L CO', 'Company', '021 - 88831632', '0182 - 5213087', '', '', '', '', 'ASTARA'),
(47, '', 'Trans Asian Line', 'Person', NULL, NULL, NULL, NULL, NULL, NULL, NULL),
(48, 'cri48', 'Seas Ark', 'Company', '88736440', '88739533', '', '', '', '', ''),
(49, 'cri49', 'KHORSHID BARSAVA', 'Company', '0511 - 2252982 / 2252793', '0511 - 2224609', '', '', '', '', 'MASHHAD'),
(50, 'cri50', 'AFSHIN TEHRAN', 'Company', '021 - 66383367 /8', '021 - 66383369', '', '', '', '', 'TEHRAN'),
(51, 'cri51', 'bar wheel', 'Company', '', '', '', '', '', '', ''),
(52, 'cri52', 'TRAF INT,L CO', 'Company', '0311-3872336', '0311- 3869671', '', '', '', '', 'ESFAHAN'),
(53, 'cri53', 'SEA EXPRESS CO. LTD', 'Company', '88784146', '', '', '', '', '', ''),
(54, 'cri54', 'sea nave bar', 'Company', '', '', '', '', '', '', ''),
(55, 'cri55', 'green buoy shipping', 'Company', '2220415', '', '', '', '', '', ''),
(58, 'cri58', 'GOODARZ GORGAN INT,L CO', 'Company', '0173-5222622 / 5223570', '0173-5220700', '', '', '', '', 'GOLSTAN'),
(57, 'cri57', 'SEA SABA SERVICE CO', 'Company', '021-88798910', '021-88787228', '', '', '', '', 'TEHRAN'),
(59, '', 'sea nave bar', 'Person', NULL, NULL, NULL, NULL, NULL, NULL, NULL),
(60, 'cri60', 'chakavak rah kalan', 'Company', '', '', '', '', '', '', ''),
(61, 'cri61', 'AAHO PARAH INT,L SHIPPING', 'Company', '021-77617113/4', '021-77616457', '', '', '', '', 'TEHRAN'),
(62, 'cri62', 'Sea trans shipping agency', 'Company', '', '', '', '', '', '', ''),
(63, 'cri63', 'Arya padideh hasti', 'Company', '', '', '', '', '', '', ''),
(64, 'cri64', 'CMA CGM', 'Company', '', '', '', '', '', '', ''),
(65, 'cri65', 'AHHO PARA INT,L', 'Company', '0761-5561633', '0761-5561639', '', '', '', '', 'B.ABBAS'),
(66, 'cri66', 'british air ways', 'Company', '', '', '', '', '', '', ''),
(67, 'cri67', 'United shipping ', 'Company', '', '', '', '', '', '', ''),
(68, '', 'tir tash rah', 'Person', NULL, NULL, NULL, NULL, NULL, NULL, NULL),
(69, '', 'blue gulf', 'Person', NULL, NULL, NULL, NULL, NULL, NULL, NULL),
(70, 'cri70', 'Iran Air', 'Company', '', '', '', '', '', '', ''),
(71, 'cri71', 'EMIRATES', 'Company', '', '', '', '', '', '', ''),
(72, 'cri72', 'PINNAIR', 'Company', '', '', '', '', '', '', '');

-- --------------------------------------------------------

-- 
-- Table structure for table `xxcity`
-- 

CREATE TABLE `xxcity` (
  `xcityid` int(20) unsigned NOT NULL auto_increment,
  `xcity` varchar(100) collate utf8_persian_ci default NULL,
  PRIMARY KEY  (`xcityid`)
) ENGINE=MyISAM  DEFAULT CHARSET=utf8 COLLATE=utf8_persian_ci AUTO_INCREMENT=57 ;

-- 
-- Dumping data for table `xxcity`
-- 

INSERT INTO `xxcity` (`xcityid`, `xcity`) VALUES 
(1, 'Dubai'),
(2, 'Aktau'),
(3, 'Sharjah'),
(4, 'Almaty'),
(5, 'Jakarta'),
(6, 'Bandar abbas'),
(7, 'India'),
(8, 'Bishkek'),
(9, 'Thomastown victoria'),
(10, 'Shanghai'),
(11, 'Navoi'),
(12, 'Tashkent'),
(13, 'Yantian'),
(14, 'Baku'),
(15, 'Dongguang'),
(16, 'B.Abbas'),
(17, 'Sarakhs'),
(18, 'Tehran'),
(19, 'London'),
(20, 'Malaysia'),
(21, 'Kokand'),
(22, 'Delhi'),
(23, 'Kokand'),
(24, 'Karachi'),
(25, 'Sumgayit'),
(26, 'Kerman Shah'),
(27, 'Austria'),
(28, 'Astana'),
(29, 'China'),
(30, 'Lahore'),
(31, 'Dushanbe'),
(32, 'Amesterdam'),
(33, 'Calcutta'),
(34, 'Shimkent'),
(35, 'Ashgabat'),
(36, 'Ganja'),
(37, 'Ganja'),
(38, 'Tehran'),
(39, 'Minsk'),
(40, 'Iran'),
(41, 'Atyrau'),
(42, 'Bukhara'),
(43, 'Yerevan'),
(44, 'Sri Lanka'),
(45, 'Istanbul'),
(46, 'Prerov'),
(47, 'Saudi arabia'),
(48, 'Kazakhstan'),
(49, ''),
(50, 'HONG KONG'),
(51, ''),
(52, 'UNITED KINGDOM'),
(53, 'TEWKESBURY'),
(54, 'Damman'),
(55, 'Anzali'),
(56, 'THAILAND');

-- --------------------------------------------------------

-- 
-- Table structure for table `xxcolor`
-- 

CREATE TABLE `xxcolor` (
  `xcolorid` int(20) unsigned NOT NULL auto_increment,
  `xcolor` varchar(100) collate utf8_persian_ci NOT NULL,
  `xcolornumber` varchar(10) collate utf8_persian_ci NOT NULL,
  PRIMARY KEY  (`xcolorid`)
) ENGINE=MyISAM  DEFAULT CHARSET=utf8 COLLATE=utf8_persian_ci AUTO_INCREMENT=18 ;

-- 
-- Dumping data for table `xxcolor`
-- 

INSERT INTO `xxcolor` (`xcolorid`, `xcolor`, `xcolornumber`) VALUES 
(1, 'red', '#E98186'),
(2, 'orange', '#F6A56E'),
(3, 'blue', '#8DADE1'),
(4, 'green', '#9CDA94'),
(5, 'yellow', '#FFFA79'),
(6, 'purple', '#AC97DC'),
(7, 'gray', '#5B6A87'),
(8, 'brown', '#626262'),
(9, 'black', 'black'),
(10, 'maroon', 'maroon'),
(11, 'fuchsia', 'fuchsia'),
(12, 'lime', 'lime'),
(13, 'olive', 'olive'),
(14, 'gold', 'gold'),
(15, 'navy', 'navy'),
(16, 'teal', 'teal'),
(17, 'aqua', 'aqua');

-- --------------------------------------------------------

-- 
-- Table structure for table `xxcontainer`
-- 

CREATE TABLE `xxcontainer` (
  `xcontainerid` int(20) unsigned NOT NULL auto_increment,
  `xcarrierid` int(20) unsigned default NULL COMMENT 'container owner in COC mode',
  `xcontainernumber` varchar(100) collate utf8_persian_ci default NULL,
  `xcontainertypeid` int(20) unsigned default NULL,
  `xcontainersizeid` int(20) unsigned default NULL,
  `xown` enum('SOC','COC') collate utf8_persian_ci default NULL,
  `xcompanycontainer` tinyint(1) NOT NULL default '0' COMMENT 'whether the container belongs to company or not',
  PRIMARY KEY  (`xcontainerid`)
) ENGINE=MyISAM  DEFAULT CHARSET=utf8 COLLATE=utf8_persian_ci AUTO_INCREMENT=196 ;

-- 
-- Dumping data for table `xxcontainer`
-- 

INSERT INTO `xxcontainer` (`xcontainerid`, `xcarrierid`, `xcontainernumber`, `xcontainertypeid`, `xcontainersizeid`, `xown`, `xcompanycontainer`) VALUES 
(2, NULL, 'NCLU4350714', 5, 2, 'SOC', 0),
(3, 3, 'IRSU4367418', 1, 2, 'COC', 0),
(4, 3, 'IRSU4272668', 1, 2, 'COC', 0),
(5, 3, 'IRSU4235833', 1, 2, 'COC', 0),
(6, 3, 'IRSU2280807', 1, 1, 'COC', 0),
(7, 3, 'IRSU4185305', 5, 2, 'COC', 0),
(8, 3, 'IRSU4171066', 5, 2, 'COC', 0),
(10, NULL, '123456', 1, 1, NULL, 1),
(11, NULL, 'TWLU2222138', 1, 1, NULL, 1),
(12, NULL, 'TWLU2924017', 1, 1, NULL, 1),
(13, NULL, 'TWLU2941098', 1, 1, NULL, 1),
(14, NULL, 'TWLU2942303', 1, 1, NULL, 1),
(15, NULL, 'TWLU2272752', 1, 1, NULL, 1),
(16, NULL, 'TWLU3721030', 1, 1, NULL, 1),
(17, NULL, 'TWLU1611943', 1, 1, NULL, 1),
(18, NULL, 'TWLU2203766', 1, 1, NULL, 1),
(19, NULL, 'TWLU1552898', 1, 1, NULL, 1),
(20, NULL, 'TWLU2922210', 1, 1, NULL, 1),
(21, NULL, 'BLJU2941190', 1, 1, NULL, 1),
(22, NULL, 'IPXU2248260', 1, 1, NULL, 1),
(23, NULL, 'GSTU5589012', 1, 1, NULL, 1),
(24, NULL, 'TWLU3966639', 1, 1, NULL, 1),
(25, NULL, 'GSLU2260719', 1, 1, 'SOC', 0),
(26, 7, 'MAEU5790081', 4, 2, 'COC', 0),
(27, 7, 'PONU4932718', 4, 2, 'COC', 0),
(28, 7, 'DAYU6702044', 4, 2, 'COC', 0),
(29, 7, 'PONU48912250', 4, 2, 'COC', 0),
(30, 7, 'MWCU6230808', 4, 2, 'COC', 0),
(31, 3, 'TGHU2252288', 1, 1, 'COC', 0),
(32, 3, 'TEXU3866831', 1, 1, 'COC', 0),
(33, 3, 'TEXU2032310', 1, 1, 'COC', 0),
(34, 3, 'TGHU2304674', 1, 1, 'COC', 0),
(35, 3, 'TGHU2282240', 1, 1, 'COC', 0),
(36, 3, 'TGHU2249622', 1, 1, 'COC', 0),
(37, 3, 'MLCU3210679', 1, 1, 'COC', 0),
(38, 3, 'TGHU2374795', 1, 1, 'COC', 0),
(39, 3, 'TGHU2276799', 1, 1, 'COC', 0),
(40, 3, 'TGHU2248009', 1, 1, 'COC', 0),
(41, 3, 'TGHU2272010', 1, 1, 'COC', 0),
(42, 3, 'MLCU3608045', 1, 1, 'COC', 0),
(43, 3, 'MLCU2259988', 1, 1, 'COC', 0),
(45, 7, 'HDMU2363476', 1, 1, 'COC', 0),
(46, 14, '1359600', 1, 2, 'COC', 0),
(47, 14, '1308748', 1, 2, 'COC', 0),
(48, 14, '1366889', 1, 2, 'COC', 0),
(49, 16, 'KKFU7629185', 5, 2, 'COC', 0),
(50, NULL, 'REGU4970412', 5, 2, 'SOC', 0),
(51, NULL, 'MSCU8138029', 1, 2, 'SOC', 0),
(52, 59, 'CRXU9910890', 5, 2, 'COC', 0),
(53, 21, 'PONU4510570', 4, 2, 'COC', 0),
(54, 21, 'MWMU6319515', 4, 2, 'COC', 0),
(55, 21, 'MWCU6743816', 4, 2, 'COC', 0),
(56, 21, 'PONU4847555', 4, 2, 'COC', 0),
(57, 21, 'MWCU6294588', 4, 2, 'COC', 0),
(58, NULL, 'PMLU9001738', 1, 2, 'SOC', 0),
(59, 27, 'REGU3157007', 1, 1, 'COC', 0),
(62, 1, 'CRXU-991089-0/052055', 5, 2, 'COC', 0),
(61, 35, 'TRIU902832', 5, 2, 'COC', 0),
(70, NULL, 'CBHU9645419', 5, 2, 'SOC', 0),
(71, NULL, 'CBHU9689192', 5, 2, 'SOC', 0),
(72, NULL, 'CBHU9636119', 5, 2, 'SOC', 0),
(69, 38, 'PMLU9004233', 5, 2, 'COC', 0),
(73, 43, 'GCEU4253338', 2, 1, 'COC', 0),
(74, NULL, 'CBHU9664487', 5, 2, 'SOC', 0),
(75, 3, 'IRSU2777861', 1, 1, 'COC', 0),
(76, 3, 'IRSU9000132', 3, 2, 'COC', 0),
(77, NULL, '817749', 5, 2, 'SOC', 0),
(78, 35, 'TEXU5070376', 5, 2, 'COC', 0),
(79, 1, 'MULU2220206', 1, 1, 'COC', 0),
(80, NULL, 'GSLU2022601', 1, 1, 'SOC', 0),
(81, 7, 'FCIU2130106', 1, 1, 'COC', 0),
(82, 7, 'FCIU2208190', 1, 1, 'COC', 0),
(83, 7, 'FCIU2823898', 1, 1, 'COC', 0),
(84, NULL, 'CRXU2852880', 1, 1, 'SOC', 0),
(85, 53, 'TRLU3963947', 1, 1, 'COC', 0),
(86, NULL, '5253009', 5, 2, 'SOC', 0),
(87, NULL, '', 1, 1, 'SOC', 0),
(88, NULL, 'zxc', 1, 1, 'SOC', 0),
(89, 1, 'TRIU5962946', 5, 2, 'COC', 0),
(90, NULL, 'GSLU9514033', 1, 1, 'SOC', 0),
(91, NULL, 'OOLU5575480', 1, 2, 'SOC', 0),
(92, NULL, 'OOLU5590709', 1, 2, 'SOC', 0),
(93, NULL, 'CBHU9659562', 5, 2, 'SOC', 0),
(94, NULL, 'HDMU4207451', 1, 2, 'SOC', 0),
(95, NULL, 'PMLU9000182', 1, 2, 'SOC', 0),
(96, 38, 'PMLU9015813', 5, 2, 'COC', 0),
(97, NULL, 'PMLU9000135', 1, 2, 'SOC', 0),
(98, 43, 'GLDU0757274', 5, 2, 'COC', 0),
(99, 43, 'MSCU9441019', 5, 2, 'COC', 0),
(100, 43, 'MSCU7080410', 5, 2, 'COC', 0),
(101, 51, 'OOLU8537992', 5, 2, 'COC', 0),
(102, NULL, 'HDMU2082268', 1, 1, 'SOC', 0),
(103, 1, 'MULU2220119', 7, 1, 'COC', 0),
(104, 3, ' IRSU9006594', 3, 2, 'COC', 0),
(105, NULL, '0009099', 1, 1, 'SOC', 0),
(106, NULL, '0178653', 1, 1, 'SOC', 0),
(107, NULL, '2314379', 1, 1, 'SOC', 0),
(108, NULL, '0065554', 1, 1, 'SOC', 0),
(109, NULL, '7888966', 1, 1, 'SOC', 0),
(110, NULL, 'WJSU4024493', 1, 2, 'SOC', 0),
(111, NULL, 'ICSU1843661', 1, 2, 'SOC', 0),
(112, NULL, '0008770', 1, 1, 'SOC', 0),
(113, NULL, 'YMLU4354794', 5, 2, 'SOC', 0),
(114, 1, 'RDEW5432765', 1, 1, 'COC', 0),
(115, NULL, 'INTU2121211', 1, 1, 'SOC', 0),
(116, NULL, 'TRIU3787021', 1, 1, 'SOC', 0),
(117, NULL, 'MULU2125908', 1, 1, 'SOC', 0),
(118, NULL, 'CLHU2063904', 1, 1, 'SOC', 0),
(119, NULL, 'MULU2125620', 1, 1, 'SOC', 0),
(120, NULL, 'RSHS19676', 1, 1, 'SOC', 0),
(121, NULL, 'FSCU6265686', 5, 2, 'SOC', 0),
(122, NULL, 'MULU2125739', 1, 1, 'SOC', 0),
(123, 1, 'CRXU9316554', 1, 2, 'COC', 0),
(124, 62, 'CRXU1456963', 1, 1, 'COC', 0),
(125, 62, 'CRXU23565DB', 1, 1, 'COC', 0),
(126, 69, 'MULU2220130', 1, 1, 'COC', 0),
(127, 15, 'BAXU5003155', 5, 2, 'COC', 0),
(128, 15, 'BAXU5007340', 5, 2, 'COC', 0),
(129, 15, 'BAXU5008218', 5, 2, 'COC', 0),
(130, 15, 'BAXU5011905', 5, 2, 'COC', 0),
(131, 15, 'BAXU5014442', 5, 2, 'COC', 0),
(132, 15, 'BAXU5015557', 5, 2, 'COC', 0),
(133, 15, 'JAYU4058513', 5, 2, 'COC', 0),
(134, NULL, 'MLCU2735174', 1, 1, 'SOC', 0),
(135, 15, 'BAXU5003957', 5, 2, 'COC', 0),
(136, 15, 'BAXU5013322', 5, 2, 'COC', 0),
(137, 16, 'KKTU7645299', 1, 1, 'COC', 0),
(138, 16, 'TGHU2265829', 1, 1, 'COC', 0),
(139, 16, 'KKTU7163960', 1, 1, 'COC', 0),
(140, 35, 'WCIU3171302', 1, 1, 'COC', 0),
(141, NULL, 'CRXU3304751', 1, 1, 'SOC', 0),
(142, 3, 'IRSU4278178', 1, 2, 'COC', 0),
(143, NULL, 'TRLU2363050', 1, 1, 'SOC', 0),
(144, NULL, 'FBLU3049835', 1, 1, 'SOC', 0),
(145, NULL, 'SCZU7237758', 1, 1, 'SOC', 0),
(146, NULL, 'GSTU4458173', 1, 1, 'SOC', 0),
(147, NULL, 'SCVU7261517', 1, 1, 'SOC', 0),
(148, NULL, 'CBHU090448', 1, 1, 'SOC', 0),
(149, NULL, 'CBHU0354773', 1, 1, 'SOC', 0),
(150, NULL, 'PCIU2313895', 1, 1, 'SOC', 0),
(151, NULL, 'CBHU0995592', 1, 1, 'SOC', 0),
(152, NULL, 'CBHU0897852', 1, 1, 'SOC', 0),
(153, NULL, 'SGCU0431979', 1, 2, 'SOC', 0),
(154, NULL, 'LCRU8191924', 1, 2, 'SOC', 0),
(155, 15, 'BAXU5005353', 5, 2, 'COC', 0),
(156, 15, 'BAXU5006684', 5, 2, 'COC', 0),
(157, 15, 'BAXU5013940', 5, 2, 'COC', 0),
(158, 15, 'BAXU5015304', 5, 2, 'COC', 0),
(159, 15, 'BAXU5018005', 5, 2, 'COC', 0),
(160, 15, 'BAXU5018258', 5, 2, 'COC', 0),
(161, 15, 'BAXU5019510', 5, 2, 'COC', 0),
(162, 15, 'BAXU5019763', 5, 2, 'COC', 0),
(163, NULL, 'CLHU4110498', 5, 2, 'SOC', 0),
(164, NULL, 'GATU4152401', 5, 2, 'SOC', 0),
(165, NULL, 'GSTU6976891', 5, 2, 'SOC', 0),
(166, NULL, 'TRIU5532225', 5, 2, 'SOC', 0),
(167, NULL, 'YMLU4483683', 5, 2, 'SOC', 0),
(168, NULL, 'GATU4178216', 5, 2, 'SOC', 0),
(169, NULL, 'ALPU3244804', 1, 1, 'SOC', 0),
(170, 16, 'KKTU7622415', 1, 1, 'COC', 0),
(171, NULL, 'OOLU7102167', 1, 2, 'SOC', 0),
(172, NULL, 'TEXU7057455', 1, 2, 'SOC', 0),
(173, NULL, 'TRLU4276210', 1, 2, 'SOC', 0),
(174, NULL, 'TRDU6026679', 1, 2, 'SOC', 0),
(175, NULL, 'APLU8921990', 1, 2, 'SOC', 0),
(176, NULL, '4489252', 1, 2, 'SOC', 0),
(177, NULL, '6453170', 1, 2, 'SOC', 0),
(178, NULL, '4533910', 1, 2, 'SOC', 0),
(179, NULL, '4324273', 1, 2, 'SOC', 0),
(180, NULL, '4485703', 1, 2, 'SOC', 0),
(181, 3, 'IRSU5011777', 5, 2, 'COC', 0),
(182, NULL, 'SCZU7178974', 1, 1, 'SOC', 0),
(183, NULL, 'SCZU7178974', 1, 1, 'SOC', 0),
(184, NULL, 'SCZU7178974', 1, 1, 'SOC', 0),
(185, NULL, '449675-5', 1, 2, 'SOC', 0),
(186, NULL, '770301-2', 1, 2, 'SOC', 0),
(187, NULL, '147079-0', 1, 2, 'SOC', 0),
(188, NULL, '147079-0', 1, 2, 'SOC', 0),
(189, NULL, '464809-5', 1, 2, 'SOC', 0),
(190, NULL, '464809-5', 1, 2, 'SOC', 0),
(191, NULL, '464809-5', 1, 2, 'SOC', 0),
(192, NULL, '772236-1', 1, 2, 'SOC', 0),
(193, NULL, '771403-1', 1, 2, 'SOC', 0),
(194, NULL, 'OOLU-520073-4', 1, 2, 'SOC', 0),
(195, NULL, 'TRIU-5392530', 1, 2, 'SOC', 0);

-- --------------------------------------------------------

-- 
-- Table structure for table `xxcontainerlend`
-- 

CREATE TABLE `xxcontainerlend` (
  `xcontainerlendid` int(20) unsigned NOT NULL auto_increment,
  `xidentityid` int(20) unsigned default NULL,
  `xlenddate` date default NULL,
  `xfreetime` int(3) default NULL,
  `xcomment` text collate utf8_persian_ci,
  `xreturned` enum('Yes','No') collate utf8_persian_ci default NULL,
  `xreturndate` date default NULL,
  PRIMARY KEY  (`xcontainerlendid`)
) ENGINE=MyISAM DEFAULT CHARSET=utf8 COLLATE=utf8_persian_ci AUTO_INCREMENT=1 ;

-- 
-- Dumping data for table `xxcontainerlend`
-- 


-- --------------------------------------------------------

-- 
-- Table structure for table `xxcontainerlendcontainer`
-- 

CREATE TABLE `xxcontainerlendcontainer` (
  `xcontainerlendcontainerid` int(20) unsigned NOT NULL auto_increment,
  `xcontainerlendid` int(20) unsigned default NULL,
  `xcontainerid` int(20) unsigned default NULL,
  PRIMARY KEY  (`xcontainerlendcontainerid`)
) ENGINE=MyISAM DEFAULT CHARSET=utf8 COLLATE=utf8_persian_ci AUTO_INCREMENT=1 ;

-- 
-- Dumping data for table `xxcontainerlendcontainer`
-- 


-- --------------------------------------------------------

-- 
-- Table structure for table `xxcontainersize`
-- 

CREATE TABLE `xxcontainersize` (
  `xcontainersizeid` int(20) unsigned NOT NULL auto_increment,
  `xcontainersize` varchar(100) collate utf8_persian_ci NOT NULL,
  PRIMARY KEY  (`xcontainersizeid`)
) ENGINE=MyISAM  DEFAULT CHARSET=utf8 COLLATE=utf8_persian_ci AUTO_INCREMENT=4 ;

-- 
-- Dumping data for table `xxcontainersize`
-- 

INSERT INTO `xxcontainersize` (`xcontainersizeid`, `xcontainersize`) VALUES 
(1, '20 FT'),
(2, '40 FT'),
(3, '45 FT');

-- --------------------------------------------------------

-- 
-- Table structure for table `xxcontainertype`
-- 

CREATE TABLE `xxcontainertype` (
  `xcontainertypeid` int(20) unsigned NOT NULL auto_increment,
  `xcontainertype` varchar(100) collate utf8_persian_ci NOT NULL,
  PRIMARY KEY  (`xcontainertypeid`)
) ENGINE=MyISAM  DEFAULT CHARSET=utf8 COLLATE=utf8_persian_ci AUTO_INCREMENT=8 ;

-- 
-- Dumping data for table `xxcontainertype`
-- 

INSERT INTO `xxcontainertype` (`xcontainertypeid`, `xcontainertype`) VALUES 
(1, 'DC'),
(2, 'OpenTop'),
(3, 'Flatrack'),
(4, 'Reefer'),
(5, 'HQ'),
(6, 'FT'),
(7, 'HD');

-- --------------------------------------------------------

-- 
-- Table structure for table `xxcountry`
-- 

CREATE TABLE `xxcountry` (
  `xcountryid` int(20) unsigned NOT NULL auto_increment,
  `xcountryname` char(50) collate utf8_persian_ci NOT NULL,
  `xregion` char(60) collate utf8_persian_ci default NULL,
  `xarea` decimal(10,0) default NULL,
  `xpopulation` decimal(11,0) default NULL,
  `xgdp` decimal(14,0) default NULL,
  PRIMARY KEY  (`xcountryid`)
) ENGINE=MyISAM  DEFAULT CHARSET=utf8 COLLATE=utf8_persian_ci AUTO_INCREMENT=266 ;

-- 
-- Dumping data for table `xxcountry`
-- 

INSERT INTO `xxcountry` (`xcountryid`, `xcountryname`, `xregion`, `xarea`, `xpopulation`, `xgdp`) VALUES 
(1, 'Afghanistan', 'Asia', '647500', '21251821', '18100000000'),
(2, 'Albania', 'Ethnic Groups in Eastern Europe, Europe', '28750', '3413904', '3800000000'),
(3, 'Algeria', 'Africa', '2381740', '28539321', '97100000000'),
(4, 'American Samoa', 'Oceania', '199', '57366', '128000000'),
(5, 'Andorra', 'Europe', '450', '65780', '760000000'),
(6, 'Angola', 'Africa', '1246700', '10069501', '6100000000'),
(7, 'Anguilla', 'Central America and the Caribbean', '91', '7099', '49000000'),
(8, 'Antarctica', 'Antarctic Region', '14', '0', '0'),
(9, 'Antigua and Barbuda', 'Central America and the Caribbean', '440', '65176', '400000000'),
(10, 'Arctic Ocean', 'Arctic Region', '14', '0', '0'),
(11, 'Argentina', 'South America', '2766890', '34292742', '270800000000'),
(12, 'Armenia', 'Commonwealth of Independent States - European States', '29800', '3557284', '8100000000'),
(13, 'Aruba', 'Central America and the Caribbean', '193', '65974', '1100000000'),
(14, 'Ashmore and Cartier Islands', 'Southeast Asia', '5', '0', '0'),
(15, 'Atlantic Ocean', 'World', '82', '0', '0'),
(16, 'Australia', 'Oceania', '7686850', '18322231', '374600000000'),
(17, 'Austria', 'Europe', '83850', '7986664', '139300000000'),
(18, 'Azerbaijan', 'Commonwealth of Independent States - European States', '86600', '7789886', '13800000000'),
(19, 'The Bahamas', 'Central America and the Caribbean', '13940', '256616', '4400000000'),
(20, 'Bahrain', 'Middle East', '620', '575925', '7100000000'),
(21, 'Baker Island', 'Oceania', '1', '0', '0'),
(22, 'Bangladesh', 'Asia', '144000', '128094948', '130100000000'),
(23, 'Barbados', 'Central America and the Caribbean', '430', '256395', '2400000000'),
(24, 'Bassas da India', 'Africa', '0', '0', '0'),
(25, 'Belarus', 'Commonwealth of Independent States - European States', '207600', '10437418', '53400000000'),
(26, 'Belgium', 'Europe', '30510', '10081880', '181500000000'),
(27, 'Belize', 'Central America and the Caribbean', '22960', '214061', '575000000'),
(28, 'Benin', 'Africa', '112620', '5522677', '6700000000'),
(29, 'Bermuda', 'North America', '50', '61629', '1700000000'),
(30, 'Bhutan', 'Asia', '47000', '1780638', '1200000000'),
(31, 'Bolivia', 'South America', '1098580', '7896254', '18300000000'),
(32, 'Bosnia and Herzegovina', 'Ethnic Groups in Eastern Europe, Europe', '51233', '3201823', '1900000000'),
(33, 'Botswana', 'Africa', '600370', '1392414', '4300000000'),
(34, 'Bouvet Island', 'Antarctic Region', '58', '0', '0'),
(35, 'Brazil', 'South America', '8511965', '160737489', '886300000000'),
(36, 'British Indian Ocean Territory', 'World', '60', '0', '0'),
(37, 'British Virgin Islands', 'Central America and the Caribbean', '150', '13027', '133000000'),
(38, 'Brunei', 'Southeast Asia', '5770', '292266', '4430000000'),
(39, 'Bulgaria', 'Ethnic Groups in Eastern Europe, Europe', '110910', '8775198', '33700000000'),
(40, 'Burkina', 'Africa', '274200', '10422828', '6500000000'),
(41, 'Burma', 'Southeast Asia', '678500', '45103809', '41400000000'),
(42, 'Burundi', 'Africa', '27830', '6262429', '3700000000'),
(43, 'Cambodia', 'Southeast Asia', '181040', '10561373', '6400000000'),
(44, 'Cameroon', 'Africa', '475440', '13000000', '15700000000'),
(45, 'Canada', 'North America', '9976140', '28434545', '639800000000'),
(46, 'Cape Verde', 'World', '4030', '435983', '410000000'),
(47, 'Cayman Islands', 'Central America and the Caribbean', '260', '33192', '700000000'),
(48, 'Central African Republic', 'Africa', '622980', '3209759', '2200000000'),
(49, 'Chad', 'Africa', '1', '5586505', '2800000000'),
(50, 'Chile', 'South America', '756950', '14161216', '97700000000'),
(51, 'China', 'Asia', '9596960', '1203097268', '2978800000000'),
(52, 'Christmas Island', 'Southeast Asia', '135', '889', '0'),
(53, 'Clipperton Island', 'World', '7', '0', '0'),
(54, 'Cocos (Keeling) Islands', 'Southeast Asia', '14', '604', '0'),
(55, 'Colombia', 'South America', '1138910', '36200251', '172400000000'),
(56, 'Comoros', 'Africa', '2170', '549338', '370000000'),
(57, 'Congo', 'Africa', '342000', '2504996', '6700000000'),
(58, 'Cook Islands', 'Oceania', '240', '19343', '57000000'),
(59, 'Coral Sea Islands', 'Oceania', '0', '0', '0'),
(60, 'Costa Rica', 'Central America and the Caribbean', '51100', '3419114', '16900000000'),
(61, 'Cote d''Ivoire', 'Africa', '322460', '14791257', '20500000000'),
(62, 'Croatia', 'Ethnic Groups in Eastern Europe, Europe', '56538', '4665821', '12400000000'),
(63, 'Cuba', 'Central America and the Caribbean', '110860', '10937635', '14000000000'),
(64, 'Cyprus', 'Middle East', '9250', '744609', '7800000000'),
(65, 'Czech Republic', 'Ethnic Groups in Eastern Europe, Europe', '78703', '10432774', '76500000000'),
(66, 'Denmark', 'Europe', '43070', '5199437', '103000000000'),
(67, 'Djibouti', 'Africa', '22000', '421320', '500000000'),
(68, 'Dominica', 'Central America and the Caribbean', '750', '82608', '200000000'),
(69, 'Dominican Republic', 'Central America and the Caribbean', '48730', '7511263', '24000000000'),
(70, 'Ecuador', 'South America', '283560', '10890950', '41100000000'),
(71, 'Egypt', 'Africa', '1001450', '62359623', '151500000000'),
(72, 'El Salvador', 'Central America and the Caribbean', '21040', '5870481', '9800000000'),
(73, 'Equatorial Guinea', 'Africa', '28050', '420293', '280000000'),
(74, 'Eritrea', 'Africa', '121320', '3578709', '1800000000'),
(75, 'Estonia', 'Europe', '45100', '1625399', '10400000000'),
(76, 'Ethiopia', 'Africa', '1127127', '55979018', '20300000000'),
(77, 'Europa Island', 'Africa', '28', '0', '0'),
(78, 'Falkland Islands (Islas Malvinas)', 'South America', '12170', '2317', '0'),
(79, 'Faroe Islands', 'Europe', '1400', '48871', '662000000'),
(80, 'Fiji', 'Oceania', '18270', '772891', '4300000000'),
(81, 'Finland', 'Europe', '337030', '5085206', '81800000000'),
(82, 'France', 'Europe', '547030', '58109160', '1080100000000'),
(83, 'French Guiana', 'South America', '91000', '145270', '800000000'),
(84, 'French Polynesia', 'Oceania', '3941', '219999', '1500000000'),
(85, 'French Southern and Antarctic Lands', 'Antarctic Region', '7781', '0', '0'),
(86, 'Gabon', 'Africa', '267670', '1155749', '5600000000'),
(87, 'The Gambia', 'Africa', '11300', '989273', '1000000000'),
(88, 'Gaza Strip', 'Middle East', '360', '813322', '1700000000'),
(89, 'Georgia', 'Middle East', '69700', '5725972', '6000000000'),
(90, 'Germany', 'Europe', '356910', '81337541', '1452200000000'),
(91, 'Ghana', 'Africa', '238540', '17763138', '22600000000'),
(92, 'Gibraltar', 'Europe', '6', '31874', '205000000'),
(93, 'Glorioso Islands', 'Africa', '5', '0', '0'),
(94, 'Greece', 'Europe', '131940', '10647511', '93700000000'),
(95, 'Greenland', 'Arctic Region', '2175600', '57611', '0'),
(96, 'Grenada', 'Central America and the Caribbean', '340', '94486', '258000000'),
(97, 'Guadeloupe', 'Central America and the Caribbean', '1780', '402815', '3800000000'),
(98, 'Guam', 'Oceania', '541', '153307', '2000000000'),
(99, 'Guatemala', 'Central America and the Caribbean', '108890', '10998602', '33000000000'),
(100, 'Guernsey', 'Europe', '194', '64353', '0'),
(101, 'Guinea', 'Africa', '245860', '6549336', '6300000000'),
(102, 'Guinea-Bissau', 'Africa', '36120', '1124537', '900000000'),
(103, 'Guyana', 'South America', '214970', '723774', '1400000000'),
(104, 'Haiti', 'Central America and the Caribbean', '27750', '6539983', '5600000000'),
(105, 'Heard Island and McDonald Islands', 'Antarctic Region', '412', '0', '0'),
(106, 'Holy See (Vatican City)', 'Europe', '0', '830', '0'),
(107, 'Honduras', 'Central America and the Caribbean', '112090', '5459743', '9700000000'),
(108, 'Hong Kong', 'Southeast Asia', '1040', '5542869', '136100000000'),
(109, 'Howland Island', 'Oceania', '1', '0', '0'),
(110, 'Hungary', 'Ethnic Groups in Eastern Europe, Europe', '93030', '10318838', '58800000000'),
(111, 'Iceland', 'Arctic Region', '103000', '265998', '4500000000'),
(112, 'India', 'Asia', '3287590', '936545814', '1253900000000'),
(113, 'Indian Ocean', 'World', '73', '0', '0'),
(114, 'Indonesia', 'Southeast Asia', '1919440', '203583886', '619400000000'),
(115, 'Iran', 'Middle East', '1648000', '64625455', '310000000000'),
(116, 'Iraq', 'Middle East', '437072', '20643769', '42000000000'),
(117, 'Ireland', 'Europe', '70280', '3550448', '49800000000'),
(118, 'Israel', 'Middle East', '20770', '5433134', '70100000000'),
(119, 'Italy', 'Europe', '301230', '58261971', '998900000000'),
(120, 'Jamaica', 'Central America and the Caribbean', '10990', '2574291', '7800000000'),
(121, 'Jan Mayen', 'Arctic Region', '373', '0', '0'),
(122, 'Japan', 'Asia', '377835', '125506492', '2527400000000'),
(123, 'Jarvis Island', 'Oceania', '4', '0', '0'),
(124, 'Jersey', 'Europe', '117', '86649', '0'),
(125, 'Johnston Atoll', 'Oceania', '2', '327', '0'),
(126, 'Jordan', 'Middle East', '89213', '4100709', '17000000000'),
(127, 'Juan de Nova Island', 'Africa', '4', '0', '0'),
(128, 'Kazakhstan', 'Commonwealth of Independent States - Central Asian States', '2717300', '17376615', '55200000000'),
(129, 'Kenya', 'Africa', '582650', '28817227', '33100000000'),
(130, 'Kingman Reef', 'Oceania', '1', '0', '0'),
(131, 'Kiribati', 'Oceania', '717', '79386', '62000000'),
(132, 'Korea, North', 'Asia', '120540', '23486550', '21300000000'),
(133, 'Korea, South', 'Asia', '98480', '45553882', '508300000000'),
(134, 'Kuwait', 'Middle East', '17820', '1817397', '30700000000'),
(135, 'Kyrgyzstan', 'Commonwealth of Independent States - Central Asian States', '198500', '4769877', '8400000000'),
(136, 'Laos', 'Southeast Asia', '236800', '4837237', '4000000000'),
(137, 'Latvia', 'Europe', '64100', '2762899', '12300000000'),
(138, 'Lebanon', 'Middle East', '10400', '3695921', '15800000000'),
(139, 'Lesotho', 'Africa', '30350', '1992960', '2600000000'),
(140, 'Liberia', 'Africa', '111370', '3073245', '2300000000'),
(141, 'Libya', 'Africa', '1759540', '5248401', '32900000000'),
(142, 'Liechtenstein', 'Europe', '160', '30654', '630000000'),
(143, 'Lithuania', 'Europe', '65200', '3876396', '13500000000'),
(144, 'Luxembourg', 'Europe', '2586', '404660', '9200000000'),
(145, 'Macau', 'Southeast Asia', '16', '490901', '4800000000'),
(146, 'Macedonia, The Former Yugoslav Republic of', 'Ethnic Groups in Eastern Europe, Europe', '25333', '2159503', '1900000000'),
(147, 'Madagascar', 'Africa', '587040', '13862325', '10600000000'),
(148, 'Malawi', 'Africa', '118480', '9808384', '7300000000'),
(149, 'Malaysia', 'Southeast Asia', '329750', '19723587', '166800000000'),
(150, 'Maldives', 'Asia', '300', '261310', '360000000'),
(151, 'Mali', 'Africa', '1', '9375132', '5400000000'),
(152, 'Malta', 'Europe', '320', '369609', '3900000000'),
(153, 'Man, Isle of', 'Europe', '588', '72751', '780000000'),
(154, 'Marshall Islands', 'Oceania', '181', '56157', '75000000'),
(155, 'Martinique', 'Central America and the Caribbean', '1100', '394787', '3900000000'),
(156, 'Mauritania', 'Africa', '1030700', '2263202', '2400000000'),
(157, 'Mauritius', 'World', '1860', '1127068', '9300000000'),
(158, 'Mayotte', 'Africa', '375', '97088', '54000000'),
(159, 'Mexico', 'North America', '1972550', '93985848', '728700000000'),
(160, 'Micronesia, Federated States of', 'Oceania', '702', '122950', '160000000'),
(161, 'Midway Islands', 'Oceania', '5', '0', '0'),
(162, 'Moldova', 'Commonwealth of Independent States - European States', '33700', '4489657', '11900000000'),
(163, 'Monaco', 'Europe', '1', '31515', '558000000'),
(164, 'Mongolia', 'Asia', '1', '2493615', '4400000000'),
(165, 'Montserrat', 'Central America and the Caribbean', '100', '12738', '55600000'),
(166, 'Morocco', 'Africa', '446550', '29168848', '87500000000'),
(167, 'Mozambique', 'Africa', '801590', '18115250', '10600000000'),
(168, 'Namibia', 'Africa', '825418', '1651545', '5800000000'),
(169, 'Nauru', 'Oceania', '21', '10149', '100000000'),
(170, 'Navassa Island', 'Central America and the Caribbean', '5', '0', '0'),
(171, 'Nepal', 'Asia', '140800', '21560869', '22400000000'),
(172, 'Netherlands', 'Europe', '37330', '15452903', '275800000000'),
(173, 'Netherlands Antilles', 'Central America and the Caribbean', '960', '203505', '1850000000'),
(174, 'New Caledonia', 'Oceania', '19060', '184552', '1000000000'),
(175, 'New Zealand', 'Oceania', '268680', '3407277', '56400000000'),
(176, 'Nicaragua', 'Central America and the Caribbean', '129494', '4206353', '6400000000'),
(177, 'Niger', 'Africa', '1', '9280208', '4600000000'),
(178, 'Nigeria', 'Africa', '923770', '101232251', '122600000000'),
(179, 'Niue', 'Oceania', '260', '1837', '2400000'),
(180, 'Norfolk Island', 'Oceania', '34', '2756', '0'),
(181, 'Northern Mariana Islands', 'Oceania', '477', '51033', '524000000'),
(182, 'Norway', 'Europe', '324220', '4330951', '95700000000'),
(183, 'Oman', 'Middle East', '212460', '2125089', '17000000000'),
(184, 'Pacific Ocean', 'World', '165', '0', '0'),
(185, 'Pakistan', 'Asia', '803940', '131541920', '248500000000'),
(186, 'Palau', 'Oceania', '458', '16661', '81800000'),
(187, 'Palmyra Atoll', 'Oceania', '11', '0', '0'),
(188, 'Panama', 'Central America and the Caribbean', '78200', '2680903', '12300000000'),
(189, 'Papua New Guinea', 'Oceania', '461690', '4294750', '9200000000'),
(190, 'Paracel Islands', 'Southeast Asia', '0', '0', '0'),
(191, 'Paraguay', 'South America', '406750', '5358198', '15400000000'),
(192, 'Peru', 'South America', '1285220', '24087372', '73600000000'),
(193, 'Philippines', 'Southeast Asia', '300000', '73265584', '161400000000'),
(194, 'Pitcairn Islands', 'Oceania', '47', '73', '0'),
(195, 'Poland', 'Ethnic Groups in Eastern Europe, Europe', '312680', '38792442', '191100000000'),
(196, 'Portugal', 'Europe', '92080', '10562388', '107300000000'),
(197, 'Puerto Rico', 'Central America and the Caribbean', '9104', '3812569', '26800000000'),
(198, 'Qatar', 'Middle East', '11000', '533916', '10700000000'),
(199, 'Reunion', 'World', '2510', '666067', '2500000000'),
(200, 'Romania', 'Ethnic Groups in Eastern Europe, Europe', '237500', '23198330', '64700000000'),
(201, 'Russia', 'Asia', '17075200', '149909089', '721200000000'),
(202, 'Rwanda', 'Africa', '26340', '8605307', '7900000000'),
(203, 'Saint Helena', 'Africa', '410', '6762', '0'),
(204, 'Saint Kitts and Nevis', 'Central America and the Caribbean', '269', '40992', '210000000'),
(205, 'Saint Lucia', 'Central America and the Caribbean', '620', '156050', '610000000'),
(206, 'Saint Pierre and Miquelon', 'North America', '242', '6757', '66000000'),
(207, 'Saint Vincent and the Grenadines', 'Central America and the Caribbean', '340', '117344', '235000000'),
(208, 'San Marino', 'Europe', '60', '24313', '380000000'),
(209, 'Sao Tome and Principe', 'Africa', '960', '140423', '133000000'),
(210, 'Saudi Arabia', 'Middle East', '1960582', '18729576', '173100000000'),
(211, 'Senegal', 'Africa', '196190', '9007080', '12300000000'),
(212, 'Serbia and Montenegro', 'Ethnic Groups in Eastern Europe, Europe', '102350', '10614558', '10000000000'),
(213, 'Seychelles', 'Africa', '455', '72709', '430000000'),
(214, 'Sierra Leone', 'Africa', '71740', '4753120', '4500000000'),
(215, 'Singapore', 'Southeast Asia', '632', '2890468', '57000000000'),
(216, 'Slovakia', 'Ethnic Groups in Eastern Europe, Europe', '48845', '5432383', '32800000000'),
(217, 'Slovenia', 'Ethnic Groups in Eastern Europe, Europe', '20296', '2051522', '16000000000'),
(218, 'Solomon Islands', 'Oceania', '28450', '399206', '1000000000'),
(219, 'Somalia', 'Africa', '637660', '7347554', '3300000000'),
(220, 'South Africa', 'Africa', '1219912', '41743459', '194300000000'),
(221, 'South Georgia and the South Sandwich Islands', 'Antarctic Region', '4066', '0', '0'),
(222, 'Spain', 'Europe', '504750', '39404348', '515800000000'),
(223, 'Spratly Islands', 'Southeast Asia', '0', '0', '0'),
(224, 'Sri Lanka', 'Asia', '65610', '18342660', '57600000000'),
(225, 'Sudan', 'Africa', '2505810', '30120420', '23700000000'),
(226, 'Suriname', 'South America', '163270', '429544', '1200000000'),
(227, 'Svalbard', 'Arctic Region', '62049', '2914', '0'),
(228, 'Swaziland', 'Africa', '17360', '966977', '3300000000'),
(229, 'Sweden', 'Europe', '449964', '8821759', '163100000000'),
(230, 'Switzerland', 'Europe', '41290', '7084984', '148400000000'),
(231, 'Syria', 'Middle East', '185180', '15451917', '74400000000'),
(232, 'Taiwan', 'Southeast Asia', '35980', '21500583', '257000000000'),
(233, 'Tajikistan', 'Commonwealth of Independent States - Central Asian States', '143100', '6155474', '8500000000'),
(234, 'Tanzania', 'Africa', '945090', '28701077', '21000000000'),
(235, 'Thailand', 'Southeast Asia', '514000', '60271300', '355200000000'),
(236, 'Togo', 'Africa', '56790', '4410370', '3300000000'),
(237, 'Tokelau', 'Oceania', '10', '1503', '1500000'),
(238, 'Tonga', 'Oceania', '748', '105600', '214000000'),
(239, 'Trinidad and Tobago', 'Central America and the Caribbean', '5130', '1271159', '15000000000'),
(240, 'Tromelin Island', 'Africa', '1', '0', '0'),
(241, 'Tunisia', 'Africa', '163610', '8879845', '37100000000'),
(242, 'Turkey', 'Middle East', '780580', '63405526', '305200000000'),
(243, 'Turkmenistan', 'Commonwealth of Independent States - Central Asian States', '488100', '4075316', '13100000000'),
(244, 'Turks and Caicos Islands', 'Central America and the Caribbean', '430', '13941', '80800000'),
(245, 'Tuvalu', 'Oceania', '26', '9991', '7800000'),
(246, 'Uganda', 'Africa', '236040', '19573262', '16200000000'),
(247, 'Ukraine', 'Commonwealth of Independent States - European States', '603700', '51867828', '189200000000'),
(248, 'United Arab Emirates', 'Middle East', '75581', '2924594', '62700000000'),
(249, 'United Kingdom', 'Europe', '244820', '58295119', '1045200000000'),
(250, 'United States', 'North America', '9372610', '263814032', '6738400000000'),
(251, 'Uruguay', 'South America', '176220', '3222716', '23000000000'),
(252, 'Uzbekistan', 'Commonwealth of Independent States - Central Asian States', '447400', '23089261', '54500000000'),
(253, 'Vanuatu', 'Oceania', '14760', '173648', '200000000'),
(254, 'Venezuela', 'South America', '912050', '21004773', '178300000000'),
(255, 'Vietnam', 'Southeast Asia', '329560', '74393324', '83500000000'),
(256, 'Virgin Islands', 'Central America and the Caribbean', '352', '97229', '1200000000'),
(257, 'Wake Island', 'Oceania', '6', '302', '0'),
(258, 'Wallis and Futuna', 'Oceania', '274', '14499', '28700000'),
(259, 'West Bank', 'Middle East', '5860', '1319991', '4000000000'),
(260, 'Western Sahara', 'Africa', '266000', '217211', '0'),
(261, 'Western Samoa', 'Oceania', '2860', '209360', '400000000'),
(262, 'Yemen', 'Middle East', '527970', '14728474', '23400000000'),
(263, 'Zaire', 'Africa', '2345410', '44060636', '18800000000'),
(264, 'Zambia', 'Africa', '752610', '9445723', '7900000000'),
(265, 'Zimbabwe', 'Africa', '390580', '11139961', '17400000000');

-- --------------------------------------------------------

-- 
-- Table structure for table `xxcustomer`
-- 

CREATE TABLE `xxcustomer` (
  `xcustomerid` int(20) unsigned NOT NULL auto_increment,
  `xusernameid` varchar(20) collate utf8_persian_ci NOT NULL,
  `xname` varchar(128) collate utf8_persian_ci default NULL,
  `xfamily` varchar(128) collate utf8_persian_ci default NULL,
  `xgender` enum('Male','Female') collate utf8_persian_ci NOT NULL default 'Male',
  `xcompany` varchar(128) collate utf8_persian_ci default NULL,
  `xpost` varchar(64) collate utf8_persian_ci default NULL,
  `xaddress` text collate utf8_persian_ci,
  `xcity` varchar(128) collate utf8_persian_ci default NULL,
  `xphone` varchar(64) collate utf8_persian_ci default NULL,
  `xfax` varchar(64) collate utf8_persian_ci default NULL,
  `xcountryid` int(20) unsigned default NULL,
  `xemail` varchar(256) collate utf8_persian_ci default NULL,
  `xwebsite` varchar(256) collate utf8_persian_ci default NULL,
  `xdes` text collate utf8_persian_ci,
  PRIMARY KEY  (`xcustomerid`),
  KEY `xusernameid` (`xusernameid`)
) ENGINE=MyISAM  DEFAULT CHARSET=utf8 COLLATE=utf8_persian_ci AUTO_INCREMENT=103 ;

-- 
-- Dumping data for table `xxcustomer`
-- 

INSERT INTO `xxcustomer` (`xcustomerid`, `xusernameid`, `xname`, `xfamily`, `xgender`, `xcompany`, `xpost`, `xaddress`, `xcity`, `xphone`, `xfax`, `xcountryid`, `xemail`, `xwebsite`, `xdes`) VALUES 
(4, '', 'Al madeena al munawarah used cars llc', '', 'Male', 'Al madeena al munawarah used cars llc', '', 'P.o box:47095, near al wahda plaza abu shaghara, Sharjah-UAE', 'Sharjah', '06-5734892', '06-5734893', 248, '', '', ''),
(6, 'cst6', 'PT. mulia intan lestari', '', 'Male', '', '', 'PT. mulia intan lestari \r\nJL. asia afrika,\r\nGelora tanah abang-jakarta', 'Jakarta', '02-5744777', '021-5747888', 114, '', '', ''),
(7, 'cst7', 'Tir Tash Rah ', '', 'Male', 'Tir Tash Rah international transport co.', '', '# 17 4th floor, 21st blding, Kar & Tejarat AVE Vanak AVE, Tehran-Iran', 'Tehran', '0098 21 88873544', '0098 21 88873547', 115, '', '', ''),
(8, 'cst8', 'PT. Karya mandiri sejati', '', 'Male', 'PT. Karya mandiri sejati co', '', 'Gd Plaza Kuningan Menara Utara Suite 1001 JI. HR. Rasuna said kav. C 11-14 Karet Kuningan setia budi Jakarta Selatan Indonesia', 'Jakarta', '021-5207729', '021-574777', 114, '', '', ''),
(9, 'cst9', 'Rexel industries', '', 'Male', 'Rexel industries', '', '', 'Dubai', '', '', 248, '', '', ''),
(10, 'cst10', 'REVOL GRO UP', '', 'Male', 'REVOL GRO UP LLP', '', 'REVOL GRO UP LLP ,REPUBLIC OF KAZAKHSTAN, ALMATY,050062 JUDANOV STREET 7/1,FLAT 15, ', 'Almaty', 'REVOL GRO UP LLP', '', 128, '', '', ''),
(11, 'cst11', 'Pacific meat packers ', '', 'Male', 'Pacific meat packers PTY LTD', '', '4, Norwich AVE,Thomastown victoria 3074 PO Box 326, Australia', 'Thomastown victoria', '', '', 16, '', '', ''),
(12, 'cst12', 'Agama', '', 'Male', 'Agama Bishkek branch', '', '21, Togolok STR, Bishkek, Kyrgyzstan', 'Bishkek', '', '', 135, '', '', ''),
(13, 'cst13', 'Pt muliakeramik indahraya ', '', 'Male', 'Pt muliakeramik indahraya ', '', 'kuningan plaza nort tower, 10th fl, JL. HR. rasuna said kav. C11-14 Jakarta 12940 Indonesia', 'Jakarta', '', '', 114, '', '', ''),
(14, 'cst14', 'Sharda', '', 'Male', 'Sharda international FZE', '', 'P.O. Box 72441 Dubai, UAE', '', '', '', 115, '', '', ''),
(15, 'cst15', 'BBC General trading', '', 'Male', 'BBC General trading LLC', '', 'P O Box 119693 Dubai-UAE', 'Dubai', '0097165745808', '0097165743867', 248, '', '', ''),
(16, 'cst16', 'Buzachi  operating', '', 'Male', 'Buzachi  operating LTD', '', '8 floor hotel Aktau, Aktau mangistau oblas, Kazakhstan 130000', 'Aktau', '', '', 128, '', '', ''),
(17, 'cst17', 'Henda Furniture', '', 'Male', 'Henda Furniture Co.', '', 'Shangdi industrial area, liaobu town, Dongguang city, Dongguang province, 523422, China', 'Dongguang', '', '', 51, '', '', ''),
(18, 'cst18', 'Huseyn Shimshek', '', 'Male', 'Huseyn Shimshek', '', 'Nesimi District, Y. seferov st. No 7', 'Baku', '', '', 18, '', '', ''),
(19, 'cst19', 'Al kaham used cars & spare parts', '', 'Male', 'Al kaham used cars & spare parts LLC', '', '', 'Dubai', '', '', 248, '', '', ''),
(20, 'cst20', 'okynev pavel vladimirovich', '', 'Male', 'okynev pavel vladimirovich', '', '', 'Almaty', '', '', 128, '', '', ''),
(21, 'cst21', 'JV Behron', '', 'Male', 'JV Behron oil', '', 'Fergana region, Kokand city Kogozgar str 1', 'Kokand', '', '', 128, '', '', ''),
(22, 'cst22', 'mars impex', '', 'Male', 'mars impex', '', 'India ADD 51/1 old rajender nagar new delhi-60', 'Delhi', '', '', 112, '', '', ''),
(23, 'cst23', 'Herbion Pakistan', '', 'Male', 'Herbion Pakistan (PVT) LTD', '', 'Plot no 30 sector 28 korangi industrial area, Karachi-pakistan', 'Karachi', '9221-111-503-111', '9221-5044263', 185, '', '', ''),
(24, 'cst24', 'Cherat', '', 'Male', 'Cherat co LTD', '', '', 'Tashkent', '99-871-361 5290', '', 252, '', '', ''),
(25, 'cst25', 'Basf', '', 'Male', 'Basf construction chemicals UAE LLC', '', 'P O Box 37127 Dubai UAE', 'Dubai', '97148090800', '97148853410', 248, '', '', ''),
(26, 'cst26', 'Basf Kaspian', '', 'Male', 'Basf Kaspian', '', '', 'Suqmayit', '', '', 18, '', '', ''),
(27, 'cst27', 'Vogelbusch', '', 'Male', 'Vogelbusch GMBH', '', '', 'Wien', '', '', 17, '', '', ''),
(28, 'cst28', '', '', 'Male', 'ocoo Pharmacia universal', '', 'sevastopol skaya street no 20 ,bishkek,kryghyztan', '', '996312548376', '', 115, '', '', ''),
(29, 'cst29', 'Makita gulf FZE', '', 'Male', 'Makita gulf FZE', '', '', 'Dubai', '', '', 248, '', '', ''),
(30, 'cst30', 'makita LTD', '', 'Male', 'makita LTD', '', '', 'Almaty', '', '', 128, '', '', ''),
(31, 'cst31', 'Jash engineering', '', 'Male', 'Jash engineering LTD', '', '', '', '', '', 112, '', '', ''),
(32, 'cst32', 'Ebara corporation', '', 'Male', 'Ebara corporation', '', '', 'Astana', '', '', 128, '', '', ''),
(33, 'cst33', 'wuxi xingda new foam plastics materials', '', 'Male', 'wuxi xingda new foam plastics materials co. ltd', '', '', 'Jiangsu', '0510-88216440', '051088700437', 51, '', '', ''),
(34, 'cst34', 'bak-pek', '', 'Male', 'bak-pek', '', '', 'Saatli', '0099-412-4251011', '', 18, '', '', ''),
(35, 'cst35', 'Karat holding', '', 'Male', 'Karat holding', '', 'Myxtarov street, 607 Kvatra, house 21 AZ-1065 Baku Azerbaijan', 'Baku', '', '', 18, '', '', ''),
(36, 'cst36', 'Airconditioning & heating international', '', 'Male', 'Airconditioning & heating international FZE', '', 'p.o.box 7972', 'Sharjah', '', '', 248, '', '', ''),
(37, 'cst37', 'Mr. IBRAIMZHAN ILAKHUNO', 'ILAKHUNOV', 'Male', 'Mr. IBRAIMZHAN ILAKHUNO ILAKHUNOV', '', '', 'Almaty', '29999980', '29999970', 128, '', '', ''),
(38, 'cst38', 'Tetra Pak', '', 'Male', 'Tetra Pak Pakistan', '', '', 'Lahore', '042-57100700-77', '', 185, '', '', ''),
(39, 'cst39', 'AO', '', 'Male', 'AO Bishkek Sut', '', '', 'Bishkek', '', '', 135, '', '', ''),
(40, 'cst40', 'AL KAZ', '', 'Male', 'AL KAZ international general trading LLC', '', '', 'Dubai', '', '', 248, '', '', ''),
(41, 'cst41', 'Everest Kanto cylinder ', '', 'Male', 'Everest Kanto cylinder LTD', '', '', 'Mambai', '', '', 112, '', '', ''),
(42, 'cst42', 'Aria international', '', 'Male', 'Aria international', '', '', 'Dushanbe', '', '', 233, '', '', ''),
(43, 'cst43', 'kaspian invest ', '', 'Male', 'kaspian invest LLC', '', '', 'Almaty', '', '', 128, '', '', ''),
(44, 'cst44', 'The north-western cachar tea', '', 'Male', 'The north-western cachar tea company LTD', '', '', 'Calcutta', '', '', 112, '', '', ''),
(45, 'cst45', 'GAC LOGISTICS PARK', '', 'Male', 'GAC LOGISTICS PARK', '', '', 'Dubai', '+97148818090', '', 248, '', '', ''),
(46, 'cst46', 'FOREIGN ENTERPRISE', '', 'Male', 'FOREIGN ENTERPRISE', '', '', 'Termez', '', '', 252, '', '', ''),
(47, 'cst47', 'Globalink', '', 'Male', 'Globalink', '', '', 'Dubai', '', '', 248, '', '', ''),
(48, 'cst48', 'Indira khan', '', 'Male', '', '', '', 'Almaty', '', '', 128, '', '', ''),
(49, 'cst49', 'grebentsov', '', 'Male', 'grebentsov', '', '', 'Almaty', '', '', 128, '', '', ''),
(50, 'cst50', 'Ranbaxy', '', 'Male', 'ranbaxy laboratories limited', '', '', 'Delhi', '', '', 112, '', '', ''),
(51, 'cst51', 'Too daulet-e', '', 'Male', 'Too daulet-e', '', '', 'Shimkent', '', '', 128, '', '', ''),
(52, 'cst52', 'ETS middle east FZE', '', 'Male', 'ETS middle east FZE', '', '', 'Dubai', '', '', 248, '', '', ''),
(53, 'cst53', 'private enterprise', '', 'Male', 'private enterprise hilli halturin ST', '', '', 'Ashgabat', '', '', 243, '', '', ''),
(54, 'cst54', 'searle pakistan limited', '', 'Male', 'searle pakistan limited', '', '', 'Karachi', '', '', 185, '', '', ''),
(55, 'cst55', 'eskhata bank opened joint stock company', '', 'Male', 'eskhata bank opened joint stock company', '', '', 'Dushanbe', '', '', 233, '', '', ''),
(56, 'cst56', 'Caspian international trading ', '', 'Male', 'Caspian international trading co. LTD', '', '', 'Guangzhou', '', '', 51, '', '', ''),
(57, 'cst57', 'Mr. Davud', '', 'Male', '', '', '', '', '', '', 18, '', '', ''),
(58, 'cst58', 'mammadov', '', 'Male', '', '', '', 'Baku', '', '', 18, '', '', ''),
(59, 'cst59', 'CROWN CONCRETING PRODUCTS LLC', '', 'Male', '', '', '', 'Dubai', '', '', 248, '', '', ''),
(60, 'cst60', 'm/s plethico pharmactuticals ', '', 'Male', 'm/s plethico pharmactuticals ltd', '', '', 'Indore', '', '', 112, '', '', ''),
(61, 'cst61', 'm/s novapharm', '', 'Male', 'm/s novapharm', '', '', 'Tashkent', '', '', 252, '', '', ''),
(62, 'cst62', 'Iran Khodro', '', 'Male', 'Iran Khodrovehicle manufacturing co.', '', '', 'tehran', '', '', 115, '', '', ''),
(63, 'cst63', 'unison', '', 'Male', 'unison', '', '', 'minsk', '', '', 25, '', '', ''),
(64, 'cst64', 'Hexagon nutrition pvt. ltd', '', 'Male', 'Hexagon nutrition pvt. ltd', '', '', '', '', '', 112, '', '', ''),
(65, 'cst65', 'Joint projects implementation', '', 'Male', 'Joint projects implementation', '', '', 'Tashkent', '', '', 252, '', '', ''),
(66, 'cst66', 'Til exports PVT. LTD', '', 'Male', 'Til exports PVT. LTD', '', '', '', '', '', 112, '', '', ''),
(67, 'cst67', 'M/s Aba-Jan', '', 'Male', 'M/s Aba-Jan', '', '', 'Ashgabat', '', '', 243, '', '', ''),
(68, 'cst68', 'Al khatam used auto spare parts', '', 'Male', 'Al khatam used auto spare parts', '', '', 'Dubai', '', '', 248, '', '', ''),
(69, 'cst69', 'Messrs appolon company', '', 'Male', 'Messrs appolon company', '', '', 'Dushanbe', '', '', 233, '', '', ''),
(70, 'cst70', 'Nad al shiba Avian', '', 'Male', 'Nad al shiba Avian', '', '', 'Dubai', '', '', 248, '', '', ''),
(71, 'cst71', 'representative', '', 'Male', 'representative office of the government of dubai', '', '', 'Tashkent', '', '', 252, '', '', ''),
(72, 'cst72', 'Zoya general trading', '', 'Male', 'Zoya general trading', '', '', 'Dubai', '', '', 248, '', '', ''),
(73, 'cst73', 'interfood jv', '', 'Male', 'interfood jv', '', '', 'Almaty', '', '', 128, '', '', ''),
(74, 'cst74', 'Al musarea general traiding', '', 'Male', '', '', '', 'Dubai', '', '', 248, '', '', ''),
(75, 'cst75', 'Sava ltd', '', 'Male', '', '', '', 'Yerevan', '', '', 12, '', '', ''),
(76, 'cst76', 'Saipem', '', 'Male', '', '', '', 'Sharjah', '', '', 248, '', '', ''),
(77, 'cst77', 'Ersai caspian contractor llc', '', 'Male', '', '', '', 'Aktau', '', '', 128, '', '', ''),
(78, 'cst78', 'Euro-Scan exports', '', 'Male', '', '', '', '', '', '', 224, '', '', ''),
(79, 'cst79', 'EFI-Neroli ltd', '', 'Male', '', '', '', 'Almaty', '', '', 128, '', '', ''),
(80, 'cst80', 'STL logistics', '', 'Male', '', '', '', 'Delhi', '', '', 112, '', '', ''),
(81, 'cst81', 'FLS smidth dorr-oliver eimco UK LTD', '', 'Male', '', '', '', 'London', '', '', 249, '', '', ''),
(82, 'cst82', 'canytech engineering', '', 'Male', '', '', '', 'tehran', '', '', 115, '', '', ''),
(83, 'cst83', 'saint-gobain vertex s.r.o', '', 'Male', '', '', '', 'litomysl', '', '', 65, '', '', ''),
(84, 'cst84', 'tekcan ic ve dis ticaret paz', '', 'Male', '', '', '', 'Istanbul', '', '', 242, '', '', ''),
(85, 'cst85', 'Faraz Karani', '', 'Male', '', '', '', 'tehran', '', '', 115, '', '', ''),
(86, 'cst86', 'International logistic gateway S.R.O', '', 'Male', '', '', '', 'Prerov', '', '', 65, '', '', ''),
(87, 'cst87', 'Shell trading', '', 'Male', '', '', '', 'Dubai', '', '', 248, '', '', ''),
(88, 'cst88', 'Too spalma neft', '', 'Male', '', '', '', 'Almaty', '', '', 128, '', '', ''),
(89, 'cst89', 'Sonarome private limited', '', 'Male', '', '', '', 'Bangalore', '', '', 112, '', '', ''),
(90, 'cst90', 'M/S Aroma Kolor LLC', '', 'Male', '', '', '', 'Tashkent', '', '', 252, '', '', ''),
(91, 'cst91', 'Mr. Cristopher Janson Twigg', '', 'Male', '', '', '', 'Dubai', '', '', 248, '', '', ''),
(92, 'cst92', 'WALLIS SHIPPING SERVICES LTD', '', 'Male', 'WALLIS SHIPPING SERVICES LTD', '', '', 'LONDON', '', '', 249, '', '', ''),
(93, 'cst93', 'NATIONAL IRANIAN COPPER INDUSTRIES CO ', '', 'Male', 'NATIONAL IRANIAN COPPER INDUSTRIES CO ', '', '', '', '', '', 115, '', '', ''),
(94, 'cst94', 'FL S MIDTH DORR-OLIVER EIMCO UK LTD', '', 'Male', '', '', '', '', '', '', 115, '', '', ''),
(95, 'cst95', 'JOHAN WORLDWIDE RESOURCKS', '', 'Male', '', '', '', '', '', '', 149, '', '', ''),
(96, 'cst96', 'IMEN AFZAR JAM CO', '', 'Male', '', '', '', '', '', '', 115, '', '', ''),
(97, 'cst97', 'TSC(HK)LIMITED', '', 'Male', 'TSC(HK)LIMITED', '', '', '', '', '', 115, '', '', ''),
(98, 'cst98', 'UNITED NATIONS OFFICE ON DRUG CONTROL', '', 'Male', 'UNITED NATIONS OFFICE ON DRUG CONTROL', '', '', '', '', '', 249, '', '', ''),
(99, 'cst99', 'ALLEN VANGUARD LTD', '', 'Male', 'ALLEN VANGUARD LTD', '', '', '', '', '', 115, '', '', ''),
(100, 'cst100', 'Shuja Goraya', '', 'Male', '', '', '', '', '', '', 115, '', '', ''),
(101, 'cst101', 'ABRIC EASTERN INTERNATIONAL LTD', '', 'Male', '', '', '', '', '', '', 115, '', '', ''),
(102, 'cst102', 'IRANLAND SERVICES SHIPPING AGENCY', '', 'Male', 'IRANLAND SERVICES SHIPPING AGENCY', '', '', '', '', '', 115, '', '', '');

-- --------------------------------------------------------

-- 
-- Table structure for table `xxcustoms`
-- 

CREATE TABLE `xxcustoms` (
  `xcustomsid` int(20) unsigned NOT NULL auto_increment,
  `xtransportid` int(20) unsigned default NULL,
  `xbondtypeid` int(20) unsigned default NULL,
  `xtlno` varchar(256) collate utf8_persian_ci default NULL,
  `xtldate` date default NULL,
  `xcotazhno` varchar(256) collate utf8_persian_ci default NULL,
  `xdeclarationno` varchar(256) collate utf8_persian_ci default NULL COMMENT 'شماره اظهارنامه',
  `xdeclarationdate` date default NULL COMMENT 'تاریخ اظهارنامه',
  `xreceipt` enum('No','Yes') collate utf8_persian_ci default NULL COMMENT 'اعلام وصول',
  `xreceiptdate` date default NULL COMMENT 'تاریخ اعلام وصول',
  `xinsuranceno` text collate utf8_persian_ci COMMENT 'شماره بن',
  `xtlfrontfilename` varchar(100) collate utf8_persian_ci default NULL,
  `xtlbackfilename` varchar(100) collate utf8_persian_ci default NULL,
  `xdeclarationfilename` varchar(100) collate utf8_persian_ci default NULL,
  PRIMARY KEY  (`xcustomsid`),
  UNIQUE KEY `xtransportid` (`xtransportid`)
) ENGINE=MyISAM  DEFAULT CHARSET=utf8 COLLATE=utf8_persian_ci AUTO_INCREMENT=194 ;

-- 
-- Dumping data for table `xxcustoms`
-- 

INSERT INTO `xxcustoms` (`xcustomsid`, `xtransportid`, `xbondtypeid`, `xtlno`, `xtldate`, `xcotazhno`, `xdeclarationno`, `xdeclarationdate`, `xreceipt`, `xreceiptdate`, `xinsuranceno`, `xtlfrontfilename`, `xtlbackfilename`, `xdeclarationfilename`) VALUES 
(1, 22, NULL, '', '0000-00-00', '', '', '0000-00-00', 'No', '0000-00-00', '', '', '', ''),
(4, 20, NULL, '76152', '2007-10-18', '928349-R4033', '928349', '2007-10-17', 'No', '0000-00-00', '187423,24', 'FRONT LLC 28.pdf', 'BACK.pdf', 'decler.pdf'),
(9, 14, NULL, '80521', '2007-11-13', '4861', '930714', '2007-11-01', 'No', '0000-00-00', 'A-142341', 'AccScan0002.jpg', 'AccScan0003.jpg', 'AccScan0001.jpg'),
(12, 18, NULL, '83872', '2007-11-24', '5359', '934059', '2007-11-22', 'No', '0000-00-00', '187445-187446', 'AccScan0002.jpg', 'AccScan0003.jpg', 'AccScan0004.jpg'),
(8, 32, NULL, '83873', '2005-11-24', '5360', '934060', '2005-11-22', 'No', '0000-00-00', '187447', 'AccScan0001.jpg', 'AccScan0002.jpg', 'AccScan0003.jpg'),
(11, 21, NULL, '80360', '2007-11-01', '4828', '930554', '2007-11-01', 'No', '0000-00-00', '187425-187426-187427-187428', 'AccScan0001.jpg', 'AccScan0002.jpg', 'AccScan0003.jpg'),
(172, 43, 2, '93196', '2007-12-25', '6156', '938879', '2007-12-25', 'Yes', '2008-03-10', '205359,205360\r\nRCVBL NO 170/18/726/5009', NULL, NULL, NULL),
(51, 45, 2, '88739', '2007-12-23', '6090', '938422', '2007-12-23', 'No', '0000-00-00', '187462', NULL, NULL, NULL),
(25, 29, 2, '83871', '2006-11-24', '4951', '934058', '2006-11-22', 'No', '0000-00-00', '187444', 'AccScan0007.jpg', NULL, 'declearationllc40.jpg'),
(20, 15, 2, '81024', '0000-00-00', '', '', '0000-00-00', 'No', '0000-00-00', '205336,205337,205338,205339,205340,205341,205342,205343,205344, 205345,205346,205347,205348,205349,205350', '', NULL, ''),
(37, 39, 2, '86054', '2007-12-04', '5662', '935739', '2007-12-04', 'No', '0000-00-00', '205351, 205352, 205353, 205354', NULL, NULL, NULL),
(41, 41, 1, '88740', '2007-12-23', '6091', '938423', '2007-12-23', 'No', '0000-00-00', '205356,205357', NULL, NULL, NULL),
(36, 37, 1, '85544', '2007-12-02', '5570', '935230', '2007-12-01', 'No', '0000-00-00', '187455, 187456, 187457, 187458, 187559, 187460', NULL, NULL, NULL),
(35, 34, 2, '84459', '2006-11-27', '5447', '934646', '2006-11-25', 'No', '0000-00-00', '187448', NULL, NULL, NULL),
(38, 36, 2, '85690', '2007-12-02', '5597', '935376', '2007-12-01', 'No', '0000-00-00', '187449, 187450, 187451, 187452, 187453, 187454', NULL, NULL, NULL),
(56, 40, 2, '88402', '2007-12-20', '5610', '938086', '2007-12-18', 'No', '0000-00-00', '187461', NULL, NULL, NULL),
(33, 60, 1, '99871-72-73', '2008-02-09', '7121', '946042', '2008-02-09', 'No', '0000-00-00', '205432,205433,205434,205435,205436,205437,205438,205439,205440', NULL, NULL, NULL),
(111, 52, 1, '90747', '2008-01-14', '6666', '942428', '2008-01-14', 'Yes', '2008-02-25', '205375\r\n205376\r\n170/18/726/74853 RCVBL NO\r\n', NULL, NULL, NULL),
(175, 44, 2, '88738', '2007-12-23', '6089', '938421', '2007-12-23', 'Yes', '2008-02-16', '187463\r\nRCVBL NO 170/18/726/80317', NULL, NULL, NULL),
(102, 38, 2, '87557', '2007-11-23', '5863', '937241', '2007-11-23', 'Yes', '2008-03-11', '167981, 205355\r\n170/18/726/78399 RCVBL NO\r\n', NULL, NULL, NULL),
(100, 24, 2, '94826', '2008-01-05', '6055', '940509', '2008-01-05', 'No', '0000-00-00', '205361, 205362', NULL, NULL, NULL),
(109, 46, 2, '89221', '2008-01-06', '6440', '940904', '2008-01-06', 'Yes', '2008-02-24', '205363, 205364, 205365, 205366, 205367, 205368\r\n170/18/726/74448 RCVBL NO\r\n', NULL, NULL, NULL),
(190, 49, 2, '90067', '2008-01-13', '6602', '941748', '2008-01-13', 'Yes', '2008-02-06', '205369, 205370, 205371, 205372, 205373, 205374\r\nRCVBL NO 170/18/726/79566', NULL, NULL, NULL),
(193, 53, 2, '90811', '2008-01-16', '6675', '942492', '2008-01-16', 'Yes', '2008-02-03', '205377 \r\nRCVBL NO 170/18/726/78421\r\n', NULL, NULL, NULL),
(180, 54, 2, '109406', '2008-01-22', '6763', '943082', '2008-01-22', 'Yes', '2008-02-03', '205378\r\n205379\r\n205380\r\n205381\r\n205382\r\nRCVBL NO 170/18/726/78424', NULL, NULL, NULL),
(181, 55, 2, '109948', '2008-01-24', '6846', '943623', '2008-01-24', 'Yes', '2008-02-12', '205398\r\n205399\r\n205400\r\n205401\r\n205402\r\n205403\r\n205404\r\n205405\r\n205406\r\nRCVBL NO 170/18/726/78496\r\n', NULL, NULL, NULL),
(173, 56, 2, '109788', '2008-01-24', '6827', '943463', '2008-01-24', 'Yes', '2008-03-10', '205395\r\n205396\r\nRCVBL NO\r\n170/18/726/80360\r\n205397\r\n', NULL, NULL, NULL),
(170, 58, 2, '111532', '2008-02-04', '7049', '945203', '2008-02-04', 'Yes', '2008-03-17', '205408\r\n205409\r\nRCVBL NO 170/18/726/80109\r\n205410\r\n205411\r\n205412\r\n205413\r\n205414\r\n', NULL, NULL, NULL),
(72, 59, 2, '110137', '2008-01-26', '6885', '943812', '2008-01-26', 'No', '0000-00-00', '205407\r\n', NULL, NULL, NULL),
(179, 62, 2, '99964', '2008-02-03', '7165', '946135', '2008-02-03', 'Yes', '2008-03-05', '205442\r\nRCVBL NO 170/18/726/79988\r\n', NULL, NULL, NULL),
(178, 63, 2, '99965', '2008-02-10', '7166', '946136', '2008-02-10', 'Yes', '2008-03-09', '205441\r\nRCVBL NO 170/18/726/79958\r\n', NULL, NULL, NULL),
(183, 64, 2, '101374', '2008-02-17', '7354', '947545', '2008-02-17', 'Yes', '2008-03-01', '205445\r\nRCVBL NO 180/17/726/79716', NULL, NULL, NULL),
(186, 65, 2, '101373', '2008-02-17', '7353', '947544', '2008-02-17', 'Yes', '2008-03-02', '205446\r\nRCVBL NO 170/18/726/79717', NULL, NULL, NULL),
(187, 66, 2, '101375', '2008-02-17', '7355', '947546', '2008-02-17', 'Yes', '2008-03-02', '205444\r\n170/18/726/79713 RCVBL NO', NULL, NULL, NULL),
(185, 67, 2, '101769', '2008-02-19', '7414', '947939', '2008-02-19', 'Yes', '2008-03-01', '205447\r\nRCVBL NO 170/18/726/79663', NULL, NULL, NULL),
(184, 68, 2, '101376', '2008-02-17', '7356', '947547', '2008-02-17', 'Yes', '2008-03-05', '205443\r\n170/18/726/79667', NULL, NULL, NULL),
(188, 26, 2, '93195', '2007-12-25', '6155', '938878', '2007-12-25', 'Yes', '2008-02-17', '205358\r\nRCVBL NO 170/18/726/78419', NULL, NULL, NULL),
(94, 57, 2, '109730', '2008-01-23', '3316', '943405', '2008-01-23', 'No', '0000-00-00', '205387\r\n', NULL, NULL, NULL),
(174, 47, 2, '109787', '2008-01-24', '6826', '943462', '2008-01-24', 'Yes', '2008-02-16', '205388\r\n205389\r\n205390\r\n205391\r\n205392\r\n205393\r\n205394\r\nRCVBL NO 170/18/726/78370\r\n', NULL, NULL, NULL),
(98, 48, 2, '928358', '2008-02-26', '3004', '904010', '2008-02-26', 'No', '0000-00-00', '187479\r\n', NULL, NULL, NULL),
(133, 69, 2, '102058', '2008-02-21', '7430', '948228', '2008-02-21', 'No', '0000-00-00', '205448\r\n205449\r\n', NULL, NULL, NULL),
(105, 25, 2, '926911', '2007-11-02', '1869', '902664', '2007-11-02', 'Yes', '2007-11-28', '187477\r\n165/11/778/78137 RCVBL NO\r\n', NULL, NULL, NULL),
(106, 28, 2, '926979', '2007-11-02', '1931', '902732', '2007-11-02', 'Yes', '2007-11-22', '187478\r\n165/11/778/78137 RCVBL NO\r\n', NULL, NULL, NULL),
(114, 70, 2, '104085', '2008-03-02', '7698', '950068', '2008-03-02', 'No', '0000-00-00', '205456\r\n', NULL, NULL, NULL),
(136, 71, 2, '104086', '2008-03-02', '7699', '950069', '2008-03-02', 'No', '0000-00-00', '205451\r\n205452\r\n205453\r\n205454\r\n205455\r\n', NULL, NULL, NULL),
(171, 78, 2, '107560', '2008-03-06', '7840', '951040', '2008-03-06', 'Yes', '2008-03-22', '205459\r\n205460\r\nRCVBL NO 170/18/726/6356\r\n\r\n205461\r\n', NULL, NULL, NULL),
(120, 74, 2, '104159', '2008-03-03', '7711', '950142', '2008-03-03', 'No', '0000-00-00', '205457\r\n', NULL, NULL, NULL),
(123, 75, 3, '108208', '2008-03-11', '7955', '951688', '2008-03-11', 'No', '0000-00-00', '205197\r\n205198\r\n205199\r\n', NULL, NULL, NULL),
(125, 76, 2, '107556', '2008-03-06', '7838', '951036', '2008-03-06', 'No', '0000-00-00', '205465\r\n', NULL, NULL, NULL),
(128, 77, 2, '107561', '2008-04-06', '7841', '951041', '2008-04-06', 'No', '0000-00-00', '205458\r\n', NULL, NULL, NULL),
(130, 79, 2, '107559', '2008-03-06', '7839', '951039', '2008-03-06', 'No', '0000-00-00', '205462\r\n205463\r\n205464\r\n', NULL, NULL, NULL),
(132, 80, 3, '108207', '2008-03-11', '7954', '951687', '2008-03-11', 'No', '0000-00-00', '205196\r\n', NULL, NULL, NULL),
(135, 61, 2, '104073', '2008-03-02', '7745', '950056', '2008-03-02', 'No', '0000-00-00', '205450\r\n', NULL, NULL, NULL),
(138, 81, 3, '112081', '2008-03-24', '14', '800053', '2008-03-24', 'No', '0000-00-00', '205200', NULL, NULL, NULL),
(140, 82, 3, '113555', '2008-04-05', '33', '801518', '2008-04-05', 'Yes', '2008-04-14', '205201\r\nRCV NO: 125/54/726/1633', NULL, NULL, NULL),
(142, 85, 3, '126579', '2008-04-10', '474', '803041', '2008-04-10', 'No', '0000-00-00', '205234\r\n', NULL, NULL, NULL),
(144, 86, 3, '126578', '2008-04-10', '91', '803040', '2008-04-10', 'No', '0000-00-00', '205226\r\n205227\r\n205228\r\n205229\r\n205230\r\n205231\r\n205232\r\n205233\r\n', NULL, NULL, NULL),
(146, 88, 3, '126951', '2008-04-13', '98', '803413', '2008-04-13', 'No', '0000-00-00', '205237\r\n205238\r\n205239\r\n', NULL, NULL, NULL),
(148, 89, 1, '127461', '2008-04-15', '615', '803923', '2008-04-15', 'No', '0000-00-00', '205240\r\n', NULL, NULL, NULL),
(150, 96, 3, '928925', '2008-04-16', '358', '800390', '2008-04-16', 'No', '0000-00-00', '205247\r\n', NULL, NULL, NULL),
(152, 84, 3, '126143', '2008-04-08', '181', '802604', '2008-04-08', 'No', '0000-00-00', '205202\r\n205203\r\n205204\r\n205205\r\n205206\r\n205207\r\n205208\r\n205209\r\n205210\r\n205211\r\n205212\r\n205213\r\n205214\r\n205215\r\n205216\r\n205217\r\n205218\r\n205219\r\n205220\r\n205221\r\n205222\r\n205223\r\n205224\r\n205225\r\n', NULL, NULL, NULL),
(162, 87, 3, '126924', '2008-04-12', '541', '803386', '2008-04-12', 'No', '0000-00-00', '205235\r\n205236\r\n', NULL, NULL, NULL),
(156, 100, 3, '129302', '2008-04-26', '860', '805763', '2008-04-26', 'No', '0000-00-00', '205265\r\n205266\r\n205267\r\n205268\r\n205269\r\n', NULL, NULL, NULL),
(161, 97, 3, '128987', '2008-04-23', '139', '805448', '2008-04-23', 'No', '0000-00-00', '205256\r\n205257\r\n205258\r\n205259\r\n205260\r\n205261\r\n205262\r\n205263\r\n205264\r\n', NULL, NULL, NULL),
(169, 98, 1, '128565', '2008-04-21', '134', '805026', '2008-04-21', 'No', '0000-00-00', '205242\r\n205243\r\n205244\r\n205245\r\n205251\r\n205252\r\n205253\r\n', NULL, NULL, NULL),
(164, 101, 3, '130063', '2008-04-29', '152', '806522', '2008-04-29', 'No', '0000-00-00', '205270\r\n205271\r\n205272\r\n205273\r\n205274\r\n205275\r\n205276\r\n205277\r\n205278\r\n205279\r\n205280\r\n205281\r\n205282\r\n', NULL, NULL, NULL),
(166, 90, 3, '128566', '0000-00-00', '65', '805027', '0000-00-00', 'Yes', '2008-05-01', '205241\r\nRCVBL NO:\r\n125/52/726/3035', NULL, NULL, NULL),
(168, 99, 3, '128831', '2008-04-23', '797', '805292', '2008-04-23', 'No', '0000-00-00', '205255\r\n', NULL, NULL, NULL);

-- --------------------------------------------------------

-- 
-- Table structure for table `xxdocument`
-- 

CREATE TABLE `xxdocument` (
  `xdocumentid` int(20) unsigned NOT NULL auto_increment,
  `xdocument` varchar(100) collate utf8_persian_ci default NULL,
  PRIMARY KEY  (`xdocumentid`)
) ENGINE=MyISAM  DEFAULT CHARSET=utf8 COLLATE=utf8_persian_ci AUTO_INCREMENT=18 ;

-- 
-- Dumping data for table `xxdocument`
-- 

INSERT INTO `xxdocument` (`xdocumentid`, `xdocument`) VALUES 
(2, 'Insurance'),
(1, 'BL'),
(3, 'Packing list'),
(4, 'Certificate of origin'),
(5, 'Invoice'),
(6, 'TELEX'),
(7, 'Certificate Of Fumigation'),
(8, 'Others'),
(9, 'Veterinary certificate'),
(10, 'CMR'),
(11, 'Phytosanitary certificate'),
(12, 'Analytical report of finished product'),
(13, 'Certificate of analysis'),
(14, 'Warehousing reciept'),
(15, 'Certificate of quality'),
(16, 'Certificate of export'),
(17, 'police card');

-- --------------------------------------------------------

-- 
-- Table structure for table `xxdocument2`
-- 

CREATE TABLE `xxdocument2` (
  `xdocument2id` int(20) unsigned NOT NULL auto_increment,
  `xdocument2` varchar(100) collate utf8_persian_ci NOT NULL,
  PRIMARY KEY  (`xdocument2id`)
) ENGINE=MyISAM  DEFAULT CHARSET=utf8 COLLATE=utf8_persian_ci AUTO_INCREMENT=6 ;

-- 
-- Dumping data for table `xxdocument2`
-- 

INSERT INTO `xxdocument2` (`xdocument2id`, `xdocument2`) VALUES 
(1, 'Carnet Tir'),
(2, 'CMR'),
(3, 'Manifest'),
(4, 'SMGS'),
(5, 'Shipping BL');

-- --------------------------------------------------------

-- 
-- Table structure for table `xxdriver`
-- 

CREATE TABLE `xxdriver` (
  `xdriverid` int(20) unsigned NOT NULL auto_increment,
  `xcarrierid` int(20) NOT NULL,
  `xdriver` varchar(128) collate utf8_persian_ci default NULL,
  PRIMARY KEY  (`xdriverid`)
) ENGINE=MyISAM DEFAULT CHARSET=utf8 COLLATE=utf8_persian_ci AUTO_INCREMENT=1 ;

-- 
-- Dumping data for table `xxdriver`
-- 


-- --------------------------------------------------------

-- 
-- Table structure for table `xxequipment`
-- 

CREATE TABLE `xxequipment` (
  `xequipmentid` int(20) unsigned NOT NULL auto_increment,
  `xcarrierid` int(20) unsigned default NULL,
  `xequipment` varchar(64) collate utf8_persian_ci default NULL,
  `xequipmentcat` enum('','Truck','VSL') collate utf8_persian_ci default NULL,
  `xequipmentno` varchar(64) collate utf8_persian_ci default NULL COMMENT 'شماره واگن یا وسیله نقلیه',
  `xchassisno` varchar(40) collate utf8_persian_ci default NULL,
  `xequipmenttypeid` int(20) unsigned default NULL,
  `xequipmentquantityid` int(20) unsigned default NULL,
  `xcertificate` varchar(256) collate utf8_persian_ci default NULL COMMENT 'گواهی کامیون',
  `xequipmentdes` text collate utf8_persian_ci,
  PRIMARY KEY  (`xequipmentid`)
) ENGINE=MyISAM  DEFAULT CHARSET=utf8 COLLATE=utf8_persian_ci AUTO_INCREMENT=59 ;

-- 
-- Dumping data for table `xxequipment`
-- 

INSERT INTO `xxequipment` (`xequipmentid`, `xcarrierid`, `xequipment`, `xequipmentcat`, `xequipmentno`, `xchassisno`, `xequipmenttypeid`, `xequipmentquantityid`, `xcertificate`, `xequipmentdes`) VALUES 
(1, 17, NULL, 'Truck', '22253/4', '', 1, NULL, '', 'test'),
(2, 23, NULL, 'Truck', 'THR 89053/4', '', 1, NULL, '', ''),
(3, 24, NULL, 'Truck', 'THR 74369/70', '', 1, NULL, '', ''),
(4, 20, NULL, 'Truck', 'THR 57041/2', '', 1, NULL, '', ''),
(5, 33, NULL, '', '2535407', NULL, 2, NULL, NULL, 'iranian Platform'),
(6, 2, NULL, 'Truck', 'IR 11787 / 8', '', 1, 1, '', ''),
(7, 25, NULL, 'Truck', 'S 0520 C / 2406 BAP', '', 1, 1, '', ''),
(8, 33, NULL, '', '2536407', NULL, 2, 1, NULL, 'Iranian platform'),
(9, 17, NULL, 'Truck', 'THR 53211/2', '', 1, 2, '', ''),
(10, 17, NULL, 'Truck', 'THR 69279/80', '', 1, 2, '', ''),
(11, 33, NULL, '', '2434061', NULL, 2, 2, NULL, ''),
(12, 2, NULL, 'Truck', 'IR 21133 / 4', '', 1, 2, '', ''),
(13, 2, NULL, 'Truck', 'IR 21973 / 4', '', 1, 2, '', ''),
(14, 45, NULL, 'Truck', '17391 / 2', '', 1, 2, '', ''),
(15, 2, NULL, 'Truck', 'TEH 27299 / 300 ', '', 1, 2, '', ''),
(16, 2, NULL, 'Truck', 'THR 72519 / 20', '', 1, 2, '', ''),
(23, 33, NULL, '', '4430396', NULL, 2, 1, NULL, ''),
(22, 33, NULL, '', '2433802', NULL, 2, 1, NULL, ''),
(21, 33, NULL, '', '4430243', NULL, 2, 1, NULL, ''),
(20, 18, NULL, 'Truck', 'THR 85192 / 3', '', 1, 2, '', ''),
(24, 33, NULL, '', '4430204', NULL, 2, 1, NULL, ''),
(25, 47, '', 'VSL', NULL, NULL, 2, 2, NULL, ''),
(26, 48, '', 'VSL', NULL, NULL, 2, 2, NULL, ''),
(27, 48, 'Sima Saman', 'VSL', NULL, NULL, 2, 2, NULL, 'Voyage: 32E'),
(28, 49, NULL, 'Truck', 'TEH 94965 / 6', '', 1, 2, '', ''),
(29, 50, NULL, 'Truck', 'TEH 84999/85000', '', 1, 2, '', ''),
(30, 2, NULL, 'Truck', 'THR 71721/2', '', 1, 2, '', ''),
(31, 52, NULL, 'Truck', 'THR 84403 / 4', '', 1, 2, '', ''),
(32, 33, NULL, '', '4430251', NULL, 2, 1, NULL, ''),
(33, 30, NULL, 'Truck', 'IR 22789 / 90', '', 1, 2, '', ''),
(34, 33, NULL, '', '2535127', NULL, 2, 1, NULL, ''),
(35, 33, NULL, '', '2535127', NULL, 2, 2, NULL, ''),
(36, 7, NULL, '', '26524090', NULL, 2, 1, NULL, ''),
(37, 33, NULL, '', '26524090', NULL, 2, 1, NULL, ''),
(38, 57, NULL, 'Truck', 'TEH 68801/2', '', 1, 2, '', ''),
(39, 30, NULL, 'Truck', 'IR 11259/60', '', 1, 2, '', ''),
(40, 33, NULL, '', '2434271', NULL, 2, 1, NULL, ''),
(41, 33, NULL, '', '2434271', NULL, 2, 1, NULL, ''),
(42, 33, NULL, '', '2536301', NULL, 2, 1, NULL, ''),
(43, 33, NULL, '', '2536301', NULL, 2, 1, NULL, ''),
(44, 33, NULL, '', '2536301', NULL, 2, 1, NULL, ''),
(45, 58, NULL, 'Truck', 'THR 69461/2', '', 1, 2, '', ''),
(46, 61, NULL, 'Truck', '90189/90', '', 1, 2, '', ''),
(47, 18, NULL, 'Truck', 'THR 94405/6', '', 1, 2, '', ''),
(48, 18, NULL, 'Truck', 'THR 84087/8', '', 1, 2, '', ''),
(49, 49, NULL, 'Truck', 'THR 87139/40', '', 1, 2, '', ''),
(50, 49, NULL, 'Truck', 'TEH  15833/4', '', 1, 2, '', ''),
(51, 61, NULL, 'Truck', '90189/90', '', 1, 2, '', ''),
(52, 2, NULL, 'Truck', '', 'teh 11349/50', 1, 2, '', ''),
(53, 2, NULL, 'Truck', '', 'teh 11349/50', 2, 2, '', ''),
(54, 2, NULL, 'Truck', '', '', 2, 2, '', ''),
(55, 68, NULL, 'Truck', 'teh 11349/50', '', 2, 2, '', ''),
(56, 2, NULL, 'Truck', 'TEH 11349/50', '', 1, 2, '', ''),
(57, 58, NULL, 'Truck', 'IR 17731/2', '', 1, 2, '', ''),
(58, 2, NULL, 'Truck', '', 'THR 72519/20', 2, 2, '', '');

-- --------------------------------------------------------

-- 
-- Table structure for table `xxequipmentquantity`
-- 

CREATE TABLE `xxequipmentquantity` (
  `xequipmentquantityid` int(20) unsigned NOT NULL auto_increment,
  `xequipmentquantity` varchar(64) collate utf8_persian_ci default NULL,
  PRIMARY KEY  (`xequipmentquantityid`)
) ENGINE=MyISAM  DEFAULT CHARSET=utf8 COLLATE=utf8_persian_ci AUTO_INCREMENT=3 ;

-- 
-- Dumping data for table `xxequipmentquantity`
-- 

INSERT INTO `xxequipmentquantity` (`xequipmentquantityid`, `xequipmentquantity`) VALUES 
(1, 'RAIL PLATFORM'),
(2, 'none');

-- --------------------------------------------------------

-- 
-- Table structure for table `xxequipmenttype`
-- 

CREATE TABLE `xxequipmenttype` (
  `xequipmenttypeid` int(20) unsigned NOT NULL auto_increment,
  `xequipmenttype` varchar(100) collate utf8_persian_ci NOT NULL,
  PRIMARY KEY  (`xequipmenttypeid`)
) ENGINE=MyISAM  DEFAULT CHARSET=utf8 COLLATE=utf8_persian_ci AUTO_INCREMENT=3 ;

-- 
-- Dumping data for table `xxequipmenttype`
-- 

INSERT INTO `xxequipmenttype` (`xequipmenttypeid`, `xequipmenttype`) VALUES 
(1, 'Truck'),
(2, 'RAIL PLATFORM');

-- --------------------------------------------------------

-- 
-- Table structure for table `xxidentity`
-- 

CREATE TABLE `xxidentity` (
  `xidentityid` int(20) unsigned NOT NULL auto_increment,
  `xpartyaccountid` varchar(20) collate utf8_persian_ci default NULL COMMENT 'xcarrierid or xofficeid or xcustomerid',
  `xpartyaccountetc` text collate utf8_persian_ci COMMENT 'if partyaccount is not an office or carrier or customer',
  PRIMARY KEY  (`xidentityid`),
  KEY `xpartyaccountid` (`xpartyaccountid`)
) ENGINE=MyISAM  DEFAULT CHARSET=utf8 COLLATE=utf8_persian_ci AUTO_INCREMENT=12 ;

-- 
-- Dumping data for table `xxidentity`
-- 

INSERT INTO `xxidentity` (`xidentityid`, `xpartyaccountid`, `xpartyaccountetc`) VALUES 
(1, 'cri17', NULL),
(2, 'cri17', NULL),
(3, NULL, 'rlz'),
(4, NULL, 'rlz'),
(5, NULL, 'rlz'),
(6, 'cri20', NULL),
(7, 'cri18', NULL),
(8, 'cst28', NULL),
(9, 'cst12', NULL),
(10, 'cst12', NULL),
(11, 'cri50', NULL);

-- --------------------------------------------------------

-- 
-- Table structure for table `xxloading`
-- 

CREATE TABLE `xxloading` (
  `xloadingid` int(20) unsigned NOT NULL auto_increment,
  `xtransportpathid` int(20) unsigned default NULL,
  `xequipmentid` int(20) unsigned default NULL,
  `xloadingdate` date default NULL,
  `xpenalty` enum('Yes','No') collate utf8_persian_ci default NULL,
  `xcarrierstartdate` date default NULL,
  `xcarrierrejectdate` date default NULL,
  `xcarrierfreetime` int(3) NOT NULL default '0',
  `xcarrierreached` tinyint(1) NOT NULL default '0',
  `xatdarrivalport` date default NULL,
  `xetaarrivalport` date default NULL,
  `xatdexitport` date default NULL,
  `xetaexitport` date default NULL,
  `xatddestination` date default NULL,
  `xetadestination` date default NULL,
  `xlaststatus` text collate utf8_persian_ci,
  `xisrail` tinyint(1) NOT NULL default '0',
  `xwgno` char(32) collate utf8_persian_ci default NULL,
  `xsmgsno` char(32) collate utf8_persian_ci default NULL,
  `xrailcodedate` date default NULL,
  PRIMARY KEY  (`xloadingid`)
) ENGINE=MyISAM  DEFAULT CHARSET=utf8 COLLATE=utf8_persian_ci AUTO_INCREMENT=104 ;

-- 
-- Dumping data for table `xxloading`
-- 

INSERT INTO `xxloading` (`xloadingid`, `xtransportpathid`, `xequipmentid`, `xloadingdate`, `xpenalty`, `xcarrierstartdate`, `xcarrierrejectdate`, `xcarrierfreetime`, `xcarrierreached`, `xatdarrivalport`, `xetaarrivalport`, `xatdexitport`, `xetaexitport`, `xatddestination`, `xetadestination`, `xlaststatus`, `xisrail`, `xwgno`, `xsmgsno`, `xrailcodedate`) VALUES 
(35, 36, 8, '0000-00-00', 'No', NULL, NULL, 0, 0, '2007-11-09', '2007-10-16', '2007-11-19', '2007-11-19', NULL, NULL, 'Russian platform: ?', 0, NULL, NULL, NULL),
(11, 20, 2, '2007-11-11', 'No', NULL, NULL, 0, 0, '2007-11-11', '2007-10-22', NULL, '2007-11-20', NULL, '2007-11-25', 'DISPATCH LOTF ABAD BORDER', 0, NULL, NULL, NULL),
(12, 20, 3, '2007-11-11', 'No', '2007-11-11', NULL, 0, 0, NULL, '2007-10-22', NULL, '2007-11-20', NULL, NULL, 'DISPATCH LOTF ABAD BORDER', 0, NULL, NULL, NULL),
(21, 31, 5, '2007-11-08', 'No', NULL, NULL, 0, 0, '2007-11-08', NULL, NULL, '2007-11-19', NULL, NULL, '', 0, NULL, NULL, NULL),
(22, 20, 6, '2007-11-15', 'No', NULL, NULL, 0, 0, '2007-11-11', '2007-10-22', NULL, '2007-11-22', NULL, NULL, 'DISPATCH LOTF ABAD BORDER', 0, NULL, NULL, NULL),
(15, 12, 4, '2007-10-23', 'No', '2007-10-23', NULL, 0, 0, '2007-10-24', '2007-10-02', '2007-10-28', '2007-10-26', '2007-10-29', '2007-10-29', 'REACHED DESTINATION', 0, NULL, NULL, NULL),
(34, 14, 10, '2007-10-30', 'No', NULL, NULL, 0, 0, '2007-11-02', '2007-11-03', NULL, NULL, NULL, NULL, '', 0, NULL, NULL, NULL),
(33, 13, 9, '2007-11-02', 'No', NULL, NULL, 0, 0, '2007-11-10', NULL, NULL, NULL, NULL, NULL, '', 0, NULL, NULL, NULL),
(32, 33, 4, '2007-10-23', 'No', '2007-10-22', NULL, 0, 0, '2007-10-24', '2007-10-02', '2007-10-28', '2007-10-26', '2007-10-29', '2007-10-29', '', 0, NULL, NULL, NULL),
(31, 34, 8, '2007-11-08', 'No', NULL, NULL, 0, 0, '2007-11-09', '2007-10-16', '2007-11-09', '2007-11-19', NULL, NULL, '', 0, NULL, NULL, NULL),
(30, 32, 7, '2007-11-02', 'Yes', NULL, NULL, 0, 0, NULL, NULL, '2007-11-04', NULL, '2007-11-14', NULL, '', 0, NULL, NULL, NULL),
(37, 41, 11, '2007-10-27', 'No', NULL, NULL, 0, 0, '2007-10-27', '2007-10-10', '2007-11-12', '2007-11-07', NULL, NULL, '', 0, NULL, NULL, NULL),
(38, 42, 11, '2007-11-10', 'No', NULL, NULL, 0, 0, '2007-10-27', '2007-10-10', '2007-11-12', '2007-11-07', NULL, NULL, '', 0, NULL, NULL, NULL),
(39, 20, 13, '2007-11-26', 'No', NULL, NULL, 0, 0, NULL, '2007-10-22', NULL, '2007-12-10', NULL, NULL, 'DISPATCH LOTF ABAD BORDER', 0, NULL, NULL, NULL),
(40, 20, 12, '2007-11-26', 'No', NULL, NULL, 0, 0, NULL, '2007-10-22', NULL, '2007-12-10', NULL, NULL, 'DIS PATCH LOTF ABAD BORDER', 0, NULL, NULL, NULL),
(41, 43, 14, '2007-12-03', 'Yes', NULL, NULL, 0, 0, '2007-12-02', NULL, '2007-12-06', '2007-12-07', '2007-12-08', '2007-12-08', 'DISPATCH ASTARA BORDER', 0, NULL, NULL, NULL),
(42, 45, 20, '2007-12-29', 'No', NULL, NULL, 0, 0, '2007-11-29', '2007-11-10', NULL, '2007-12-12', NULL, NULL, 'DISPATCH SARAKHS BORDER', 0, NULL, NULL, NULL),
(43, 44, 15, '2007-12-02', 'Yes', NULL, NULL, 0, 0, '2007-12-02', '2007-11-20', NULL, '2007-12-08', NULL, '2008-01-14', 'ON THE WAY TO DESTINTION', 0, NULL, NULL, NULL),
(44, 48, 21, '2007-12-09', 'Yes', NULL, NULL, 0, 0, '2007-12-09', '2007-10-28', NULL, '2007-12-15', NULL, NULL, '', 0, NULL, NULL, NULL),
(45, 48, 22, '2007-12-09', 'Yes', NULL, NULL, 0, 0, '2007-12-09', '2007-10-28', NULL, '2007-12-15', NULL, NULL, '', 0, NULL, NULL, NULL),
(46, 49, 23, '2007-12-09', 'Yes', NULL, NULL, 0, 0, '2007-12-09', '2007-11-25', NULL, '2007-12-15', NULL, NULL, '', 0, NULL, NULL, NULL),
(47, 50, 24, '0000-00-00', 'Yes', NULL, NULL, 0, 0, '2007-12-09', '2007-12-02', NULL, '2007-12-15', NULL, NULL, '', 0, NULL, NULL, NULL),
(48, 51, 27, '2007-12-07', 'Yes', NULL, NULL, 0, 0, '2007-12-08', '2007-11-03', NULL, NULL, NULL, NULL, '', 0, NULL, NULL, NULL),
(49, 52, 27, '2007-12-07', 'No', NULL, NULL, 0, 0, NULL, NULL, NULL, NULL, NULL, NULL, '', 0, NULL, NULL, NULL),
(50, 53, 21, '0000-00-00', 'Yes', NULL, NULL, 0, 0, '2007-12-09', '2007-10-28', '2007-12-18', '2007-12-15', NULL, NULL, '', 0, NULL, NULL, NULL),
(51, 53, 22, '0000-00-00', 'Yes', NULL, NULL, 0, 0, '2007-12-09', '2007-10-28', '2007-12-19', '2007-12-15', NULL, NULL, '', 0, NULL, NULL, NULL),
(52, 54, 28, '2007-12-22', 'Yes', NULL, NULL, 0, 0, NULL, NULL, NULL, '2007-12-25', NULL, '2008-01-22', 'DISPATCH B.ABBAS', 0, NULL, NULL, NULL),
(53, 56, 29, '2007-12-23', 'Yes', NULL, NULL, 0, 0, NULL, NULL, NULL, '2007-12-26', NULL, '2008-01-10', 'DISPATCH B,ABBAS', 0, NULL, NULL, NULL),
(54, 57, 30, '2007-12-26', 'Yes', NULL, NULL, 0, 0, '2007-12-26', NULL, NULL, '2007-12-30', NULL, '2008-01-15', '', 0, NULL, NULL, NULL),
(55, 58, 23, '0000-00-00', 'Yes', NULL, NULL, 0, 0, '2007-12-09', '2007-11-25', '2007-12-17', '2007-12-15', NULL, NULL, '', 0, NULL, NULL, NULL),
(56, 59, 31, '2008-01-02', 'Yes', NULL, NULL, 0, 0, '2008-01-01', '2007-12-18', NULL, '2008-01-07', NULL, '2008-01-15', 'DISPATCH B,ABBAS', 0, NULL, NULL, NULL),
(57, 61, 32, '2008-01-05', 'No', NULL, NULL, 0, 0, '2008-01-05', '2007-12-18', NULL, '2008-01-14', NULL, NULL, '', 0, NULL, NULL, NULL),
(58, 62, 33, '2008-01-08', 'Yes', NULL, NULL, 0, 0, '2008-01-09', NULL, '2008-01-09', '2008-01-14', NULL, '2008-01-24', 'DISPATCH B,ABBAS', 0, NULL, NULL, NULL),
(59, 63, 32, '0000-00-00', 'Yes', NULL, NULL, 0, 0, '2008-01-05', '2007-12-17', NULL, '2008-01-14', NULL, NULL, '', 0, NULL, NULL, NULL),
(60, 68, 35, '2008-01-21', 'No', NULL, NULL, 0, 0, NULL, '2007-11-07', NULL, NULL, NULL, NULL, '', 0, NULL, NULL, NULL),
(61, 69, 37, '2008-01-13', 'No', NULL, NULL, 0, 0, '2008-01-13', NULL, NULL, '2008-01-22', NULL, NULL, '', 0, NULL, NULL, NULL),
(62, 70, 38, '2008-01-12', 'Yes', NULL, NULL, 0, 0, NULL, '2007-12-18', NULL, '2008-01-22', NULL, NULL, '', 0, NULL, NULL, NULL),
(63, 71, 39, '2008-01-20', 'No', NULL, NULL, 0, 0, NULL, NULL, NULL, '2008-01-24', NULL, NULL, '', 0, NULL, NULL, NULL),
(64, 72, 41, '2008-01-25', 'No', NULL, NULL, 0, 0, '2008-01-25', '2008-02-05', NULL, '2008-02-05', NULL, NULL, '', 0, NULL, NULL, NULL),
(65, 72, 43, '2008-01-25', 'No', NULL, NULL, 0, 0, '2008-01-25', NULL, NULL, '2008-02-05', NULL, NULL, '', 0, NULL, NULL, NULL),
(66, 73, 44, '2008-01-25', 'No', NULL, NULL, 0, 0, '2008-01-25', '2008-01-11', NULL, '2008-02-05', NULL, NULL, '', 0, NULL, NULL, NULL),
(67, 74, 45, '2008-01-27', 'Yes', NULL, NULL, 0, 0, NULL, NULL, NULL, '2008-01-30', NULL, '2008-02-05', 'DISPATCH B,ABBAS DSTE : 27.01.2008 , ON THE WAY TO BAJGIRAN', 0, NULL, NULL, NULL),
(68, 81, 23, '0000-00-00', 'No', NULL, NULL, 0, 0, '2008-01-25', '2008-01-11', NULL, '2008-02-05', NULL, NULL, '', 1, '2536301', '10356', '0000-00-00'),
(69, 82, 42, '0000-00-00', 'No', NULL, NULL, 0, 0, '2008-01-30', NULL, NULL, '2008-02-09', NULL, NULL, '', 1, '2434808', '10744', '0000-00-00'),
(70, 83, 34, '2008-02-29', 'Yes', NULL, NULL, 0, 0, '2008-03-02', '2008-02-25', '2008-03-14', '2008-03-12', '2008-03-20', '2008-03-19', '', 1, '12345', '', '0000-00-00'),
(71, 83, 23, '2008-02-25', 'Yes', NULL, NULL, 0, 0, '2008-03-02', '2008-02-25', '2008-03-14', '2008-03-12', '2008-03-20', '2008-03-19', '', 1, '54321', '45634', '0000-00-00'),
(72, 83, 23, '2008-02-26', 'Yes', NULL, NULL, 0, 0, '2008-03-02', '2008-02-25', '2008-03-14', '2008-03-12', '2008-03-20', '2008-03-19', '', 1, '55555', '33333', '0000-00-00'),
(73, 84, 34, '0000-00-00', 'Yes', NULL, NULL, 0, 0, '2008-03-02', '2008-02-25', '2008-03-14', '2008-03-12', '2008-03-20', '2008-03-19', '', 1, '88888', '77777', '0000-00-00'),
(74, 85, 44, '2008-02-01', 'No', NULL, NULL, 0, 0, NULL, NULL, '2008-02-02', NULL, NULL, NULL, '', 1, NULL, NULL, '0000-00-00'),
(77, 86, 46, '2008-03-07', 'Yes', NULL, NULL, 0, 0, '2008-03-07', '2008-03-11', NULL, '2008-03-11', NULL, '2008-03-18', 'THE CARGO HAS REACHED BAKU ', 0, NULL, NULL, '0000-00-00'),
(79, 86, 46, '2008-03-07', 'Yes', NULL, NULL, 0, 0, '2008-03-07', NULL, NULL, '2008-03-11', NULL, '2008-03-18', 'THE CARGO HAS REACHED BAKU .', 0, NULL, NULL, '0000-00-00'),
(80, 91, 47, '2008-04-06', 'No', NULL, NULL, 0, 0, '2008-04-07', NULL, '2008-04-11', '2008-04-13', '2008-04-21', '2008-04-21', '', 0, NULL, NULL, '0000-00-00'),
(81, 92, 50, '2008-03-15', 'No', NULL, NULL, 0, 0, '2008-03-16', '2008-03-20', NULL, '2008-03-22', NULL, '2008-03-28', '', 0, NULL, NULL, '0000-00-00'),
(82, 93, 49, '2008-02-27', 'No', NULL, NULL, 0, 0, '2008-03-28', NULL, '2008-04-03', '2008-03-30', NULL, '2008-04-10', '', 0, NULL, NULL, '0000-00-00'),
(83, 91, 48, '2008-04-06', 'No', NULL, NULL, 0, 0, '2008-04-07', '2008-04-11', NULL, '2008-04-14', NULL, '2008-04-22', '', 0, NULL, NULL, '0000-00-00'),
(84, 93, 49, '2008-03-27', 'No', NULL, NULL, 0, 0, '2008-03-28', '2008-03-28', '2008-04-02', '2007-04-02', '2008-04-20', '2008-04-20', '', 0, NULL, NULL, '0000-00-00'),
(85, 94, 30, '2008-04-16', 'No', NULL, NULL, 0, 0, '2008-04-20', '2008-04-20', '2008-04-21', '2008-04-21', '2008-04-15', '2008-04-15', '', 0, NULL, NULL, '0000-00-00'),
(87, 94, 30, '0000-00-00', 'No', NULL, NULL, 0, 0, NULL, NULL, NULL, NULL, NULL, NULL, '', 0, NULL, NULL, '0000-00-00'),
(88, 98, 57, '2008-04-22', 'No', NULL, NULL, 0, 0, '2008-04-26', '2008-04-26', '2008-04-27', '2008-04-27', '2008-05-11', '2008-05-11', '', 0, NULL, NULL, '0000-00-00'),
(89, 97, 56, '2008-04-20', 'No', NULL, NULL, 0, 0, '2008-04-24', '2008-04-24', '2008-04-25', '2008-04-25', '2008-05-10', '2008-05-10', '', 0, NULL, NULL, '0000-00-00'),
(90, 99, 16, '2008-04-27', 'No', NULL, NULL, 0, 0, '2008-04-28', '2008-04-27', '2008-05-03', '2008-05-05', '2008-05-20', '2008-05-20', '', 0, NULL, NULL, '0000-00-00'),
(91, 97, 55, '2008-04-27', 'No', '2008-04-27', NULL, 0, 0, '2008-05-02', '2008-05-02', '2008-05-03', '2008-05-03', '2008-05-20', '2008-05-20', '', 0, NULL, NULL, '0000-00-00'),
(92, NULL, NULL, NULL, NULL, NULL, NULL, 0, 0, NULL, NULL, NULL, NULL, NULL, NULL, NULL, 1, '222', '333', NULL),
(93, 99, 41, '0000-00-00', 'No', NULL, NULL, 0, 0, '2008-04-28', NULL, '2008-05-04', '2008-04-29', '2008-05-12', NULL, '', 1, NULL, NULL, '2008-05-15'),
(94, 99, 55, '0000-00-00', 'No', NULL, NULL, 0, 0, '2008-04-28', NULL, '2008-05-04', '2008-04-29', '2008-05-12', NULL, '', 0, NULL, NULL, '0000-00-00'),
(95, 103, 2, '0000-00-00', 'No', NULL, NULL, 0, 0, '2008-04-28', NULL, '2008-05-04', '2008-04-29', '2008-05-12', NULL, '', 0, NULL, NULL, '0000-00-00'),
(96, 104, 21, '2008-05-23', 'No', '2008-05-22', NULL, 0, 0, '2008-05-24', NULL, '2008-05-25', NULL, NULL, NULL, 'gd d dfg dfgg gg dfdfgdf g  dg d', 0, NULL, NULL, '0000-00-00'),
(97, 104, 43, '2008-05-16', 'No', '2008-05-08', NULL, 0, 0, NULL, NULL, '2008-05-21', NULL, NULL, NULL, '3456 456 45 456 tvh fgh hf  ', 0, NULL, NULL, '0000-00-00'),
(98, 104, 22, '0000-00-00', 'No', NULL, NULL, 0, 0, NULL, NULL, NULL, NULL, NULL, NULL, '', 0, NULL, NULL, '0000-00-00'),
(99, 104, 43, '0000-00-00', 'No', NULL, NULL, 0, 0, NULL, NULL, NULL, NULL, NULL, NULL, '', 0, NULL, NULL, '0000-00-00'),
(103, 107, NULL, '2008-07-11', 'Yes', '2008-07-10', NULL, 0, 0, '2008-01-25', '2008-01-11', NULL, '2008-02-05', NULL, NULL, ':)', 1, NULL, NULL, '2008-07-24');

-- --------------------------------------------------------

-- 
-- Table structure for table `xxloadingcontainer`
-- 

CREATE TABLE `xxloadingcontainer` (
  `xloadingcontainerid` int(20) unsigned NOT NULL auto_increment,
  `xloadingid` int(20) unsigned default NULL,
  `xtransportcontainerid` int(20) unsigned default NULL,
  `xweight` int(20) NOT NULL default '0',
  `xextraweight` int(20) NOT NULL default '0',
  PRIMARY KEY  (`xloadingcontainerid`)
) ENGINE=MyISAM  DEFAULT CHARSET=utf8 COLLATE=utf8_persian_ci AUTO_INCREMENT=140 ;

-- 
-- Dumping data for table `xxloadingcontainer`
-- 

INSERT INTO `xxloadingcontainer` (`xloadingcontainerid`, `xloadingid`, `xtransportcontainerid`, `xweight`, `xextraweight`) VALUES 
(41, 11, 87, 20340, 139672),
(42, 12, 87, 20220, 139672),
(5, 15, 77, 0, 5579),
(43, 22, 87, 20360, 139672),
(12, 21, 78, 0, 6000),
(15, 30, 94, 16159, 16159),
(16, 31, 49, 0, 9632),
(17, 32, 77, 0, 5579),
(18, 33, 86, 0, 22330),
(19, 34, 79, 0, 22330),
(23, 35, 49, 0, 9632),
(24, 0, 12, 0, 12000),
(29, 0, 12, 0, 12000),
(31, 0, 12, 0, 12000),
(33, 0, 12, 0, 12000),
(34, 0, 12, 0, 12000),
(39, 37, 12, 0, 12000),
(40, 38, 12, 0, 12000),
(46, 39, 87, 18640, 139672),
(48, 40, 87, 18740, 139672),
(52, 41, 88, 0, 18094),
(56, 42, 73, 0, 21440),
(55, 43, 93, 0, 8658),
(57, 44, 106, 0, 8100),
(58, 45, 107, 0, 7500),
(59, 46, 108, 0, 14999),
(60, 47, 110, 0, 10000),
(61, 48, 79, 0, 22330),
(62, 49, 86, 0, 22330),
(63, 50, 106, 0, 8100),
(64, 51, 107, 0, 7500),
(67, 52, 99, 0, 18370),
(66, 53, 111, 0, 17136),
(70, 54, 109, 0, 7686),
(71, 55, 108, 0, 14999),
(73, 56, 114, 0, 8594),
(74, 57, 116, 0, 18550),
(75, 58, 112, 0, 6736),
(76, 59, 113, 0, 9120),
(77, 60, 80, 0, 10686),
(78, 61, 117, 0, 18228),
(79, 61, 118, 0, 16478),
(80, 61, 119, 0, 16478),
(81, 62, 115, 0, 16663),
(82, 63, 123, 0, 8630),
(83, 64, 125, 0, 6302),
(84, 65, 126, 0, 5354),
(85, 66, 124, 0, 15000),
(86, 67, 130, 22300, 22300),
(87, 68, 124, 0, 15000),
(88, 69, 129, 0, 5422),
(93, 71, 151, 10000, 20000),
(92, 70, 151, 10000, 20000),
(94, 71, 152, 6000, 6000),
(95, 72, 150, 0, 540),
(96, 0, 150, 0, 540),
(97, 0, 150, 0, 540),
(98, 0, 151, 20000, 20000),
(99, 0, 151, 20000, 20000),
(100, 73, 150, 0, 540),
(101, 73, 151, 20000, 20000),
(102, 73, 152, 6000, 6000),
(103, 74, 109, 0, 7686),
(114, 77, 136, 0, 25600),
(122, 80, 164, 0, 16344),
(115, 81, 157, 0, 6743),
(116, 81, 158, 0, 4850),
(119, 82, 161, 0, 18624),
(121, 83, 163, 0, 16344),
(128, 85, 167, 0, 10100),
(126, 88, 181, 0, 16344),
(125, 89, 180, 0, 16344),
(133, 90, 213, 0, 2000),
(131, 91, 178, 0, 16344),
(132, 91, 179, 0, 16344),
(134, 95, 213, 0, 3000),
(135, 96, 178, 0, 16344),
(136, 98, 179, 0, 16344),
(137, 99, 180, 0, 16344),
(139, 103, 124, 0, 15000);

-- --------------------------------------------------------

-- 
-- Table structure for table `xxloadingdocument`
-- 

CREATE TABLE `xxloadingdocument` (
  `xloadingdocumentid` int(20) unsigned NOT NULL auto_increment,
  `xloadingid` int(20) unsigned default NULL,
  `xdocument2id` int(20) unsigned default NULL,
  `xdocumenttransportpathid` int(20) unsigned default NULL,
  `xdocumentno` varchar(50) collate utf8_persian_ci default NULL,
  `xdocumentdate` date default NULL,
  `xdocumentdate2` date default NULL,
  `xfilename` varchar(100) collate utf8_persian_ci default NULL,
  `xisrail` tinyint(1) NOT NULL default '0',
  `xwgno` char(32) collate utf8_persian_ci default NULL,
  `xsmgsno` char(32) collate utf8_persian_ci default NULL,
  `xdocumentcomment` text collate utf8_persian_ci,
  PRIMARY KEY  (`xloadingdocumentid`)
) ENGINE=MyISAM  DEFAULT CHARSET=utf8 COLLATE=utf8_persian_ci AUTO_INCREMENT=108 ;

-- 
-- Dumping data for table `xxloadingdocument`
-- 

INSERT INTO `xxloadingdocument` (`xloadingdocumentid`, `xloadingid`, `xdocument2id`, `xdocumenttransportpathid`, `xdocumentno`, `xdocumentdate`, `xdocumentdate2`, `xfilename`, `xisrail`, `xwgno`, `xsmgsno`, `xdocumentcomment`) VALUES 
(1, NULL, 2, NULL, '', '0000-00-00', NULL, NULL, 0, NULL, NULL, NULL),
(2, NULL, 2, NULL, '003512', '2007-10-30', NULL, NULL, 0, NULL, NULL, NULL),
(3, NULL, 2, NULL, '003512', '2007-10-30', NULL, NULL, 0, NULL, NULL, NULL),
(4, 0, 2, NULL, '', '0000-00-00', NULL, NULL, 0, NULL, NULL, NULL),
(6, NULL, 2, NULL, '543423', '2007-11-12', NULL, NULL, 0, NULL, NULL, NULL),
(7, NULL, 1, NULL, '653453', '2007-11-07', NULL, NULL, 0, NULL, NULL, NULL),
(8, 14, 2, NULL, '', '0000-00-00', NULL, NULL, 0, NULL, NULL, NULL),
(9, NULL, 4, NULL, '44586', '2007-11-08', NULL, NULL, 0, NULL, NULL, NULL),
(11, 21, 4, NULL, '44586', '2007-11-08', NULL, NULL, 0, NULL, NULL, NULL),
(12, 22, 2, NULL, '1064943', '2007-11-15', NULL, '11787-8.pdf', 0, NULL, NULL, NULL),
(13, 11, 2, NULL, '3547', '2007-11-12', NULL, 'LLC 34.pdf', 0, NULL, NULL, NULL),
(14, 12, 2, NULL, '2427', '2007-11-11', NULL, '74369 - 70.pdf', 0, NULL, NULL, NULL),
(15, 26, 2, NULL, '12453', '2007-10-23', NULL, NULL, 0, NULL, NULL, NULL),
(16, 32, 2, NULL, '12453', '2007-10-23', NULL, 'LLC28.pdf', 0, NULL, NULL, NULL),
(17, 31, 4, NULL, '44587', '2007-11-08', NULL, 'SMGS - GT 187.pdf', 0, NULL, NULL, NULL),
(18, 33, 2, NULL, '003518', '2007-11-02', NULL, 'CMR for Yelena.jpg', 0, NULL, NULL, NULL),
(19, 30, 2, NULL, '015944', '2007-11-02', NULL, 'LLC 36.pdf', 0, NULL, NULL, NULL),
(21, 34, 2, NULL, '003512', '2007-10-30', NULL, 'clip_image002.jpg', 0, NULL, NULL, NULL),
(22, 31, 4, NULL, '44587', '2007-11-17', NULL, 'GH 187.pdf', 0, NULL, NULL, NULL),
(23, NULL, 4, NULL, '', '2007-10-27', NULL, '182-1.pdf', 0, NULL, NULL, NULL),
(24, NULL, 4, NULL, '44588', '2007-10-27', NULL, '182-1.pdf', 0, NULL, NULL, NULL),
(25, 37, 4, NULL, '44588', '2007-10-27', NULL, '182-1.pdf', 0, NULL, NULL, NULL),
(26, 37, 1, NULL, '44588', '2007-11-10', NULL, '182-2.pdf', 0, NULL, NULL, NULL),
(27, 40, 2, NULL, '1064945', '2007-11-26', NULL, 'LLC34 - 21133-4.pdf', 0, NULL, NULL, NULL),
(28, 39, 2, NULL, '1064940', '2007-11-26', NULL, 'LLC34 - 219734', 0, NULL, NULL, NULL),
(29, 41, 2, NULL, '001526', '2007-12-03', NULL, 'LLC 40.pdf', 0, NULL, NULL, NULL),
(30, NULL, 2, NULL, '1064951', '2007-12-02', NULL, '', 0, NULL, NULL, NULL),
(31, 0, 2, NULL, '10969', '2007-11-29', NULL, 'GT 188.pdf', 0, NULL, NULL, NULL),
(32, 0, 2, NULL, '10969', '2007-11-29', NULL, 'GT 188.pdf', 0, NULL, NULL, NULL),
(33, 43, 2, NULL, '1064951', '2007-12-02', NULL, 'CMR-GT-199.jpg', 0, NULL, NULL, NULL),
(34, 0, 2, NULL, '10969', '2007-11-29', NULL, 'CMR-GT-188.jpg', 0, NULL, NULL, NULL),
(35, 42, 2, NULL, '10969', '2007-11-29', NULL, 'CMR-GT-188.jpg', 0, NULL, NULL, NULL),
(36, 45, 4, NULL, '47836', '2007-12-09', NULL, 'SMGS GT202-2.jpg', 0, NULL, NULL, NULL),
(37, 44, 4, NULL, '47836', '2007-12-09', NULL, 'SMGS GT202-1.jpg', 0, NULL, NULL, NULL),
(38, 46, 4, NULL, '45109', '2007-12-09', NULL, 'SMGS GT203.jpg', 0, NULL, NULL, NULL),
(39, 47, 4, NULL, '45103', '2007-12-08', NULL, 'SMGS GT206.jpg', 0, NULL, NULL, NULL),
(40, 49, 5, NULL, 'TALSAS00273441', '2007-12-07', NULL, 'BL LLC25-38.jpg', 0, NULL, NULL, NULL),
(41, 48, 5, NULL, 'TALSAS00273441', '2007-12-07', NULL, 'BL LLC25-38.jpg', 0, NULL, NULL, NULL),
(42, 50, 4, NULL, '45107', '2007-12-18', NULL, 'GT-202 SMGS.jpg', 0, NULL, NULL, NULL),
(43, 51, 4, NULL, '47836', '2007-12-19', NULL, 'SMGS GT-202.jpg', 0, NULL, NULL, NULL),
(44, 52, 2, NULL, '860647', '2007-12-21', NULL, 'CMR GT-201.jpg', 0, NULL, NULL, NULL),
(45, 53, 2, NULL, '911075', '2007-12-23', NULL, 'CMR LLC-42.jpg', 0, NULL, NULL, NULL),
(46, 54, 2, NULL, '1064944', '2007-12-26', NULL, 'CMR GT-186 001.jpg', 0, NULL, NULL, NULL),
(47, 55, 4, NULL, '45109', '2007-12-17', NULL, 'GT-203.jpg', 0, NULL, NULL, NULL),
(48, 56, 2, NULL, '001717', '2008-01-02', NULL, 'CMR GT-210jpg.jpg', 0, NULL, NULL, NULL),
(49, 57, 4, NULL, '47838', '2008-01-05', NULL, 'SMGS-212.jpg', 0, NULL, NULL, NULL),
(50, 58, 2, NULL, '111774', '2008-01-08', NULL, 'CMR-LLC37 002.jpg', 0, NULL, NULL, NULL),
(51, 59, 4, NULL, '10490', '2008-01-05', NULL, 'SMGS-209.jpg', 0, NULL, NULL, NULL),
(52, 60, 4, NULL, '47839', '2008-01-23', NULL, 'SMGS,193.tif', 0, NULL, NULL, NULL),
(53, 61, 4, NULL, '10492', '2008-01-15', NULL, 'SMGS LLC-43.tif', 0, NULL, NULL, NULL),
(54, 62, 2, NULL, '872388', '2008-01-12', NULL, 'translation gt211.jpg', 0, NULL, NULL, NULL),
(55, 63, 2, NULL, '112104', '2008-01-20', NULL, 'SMGS gt-216.jpg', 0, NULL, NULL, NULL),
(56, 65, 4, NULL, '', '2008-01-25', NULL, 'SMGS 005-1.jpg', 0, NULL, NULL, NULL),
(57, 64, 4, NULL, '12354', '2008-01-25', NULL, 'SMGS 005-2.jpg', 0, NULL, NULL, NULL),
(107, 66, 4, 107, '5', '2008-07-04', '2008-07-14', '', 1, '51', '52', ''),
(59, 67, 2, NULL, '06192', '2008-01-27', NULL, 'cmr gt208.pdf', 0, NULL, NULL, NULL),
(60, NULL, 4, NULL, '10745', '2008-01-30', '0000-00-00', 'gt 010.tif', 0, NULL, NULL, NULL),
(62, 0, 4, NULL, '6546454', '2008-04-16', '2008-04-17', '69_8612040685_L600.jpg', 1, '234234', '234234', '234sfg g dgdfg'),
(63, 0, 4, NULL, '6546454', '2008-04-16', '2008-04-17', '69_8612040685_L600.jpg', 1, '234234', '234234', '234sfg g dgdfg'),
(67, 80, 2, NULL, '16172', '2008-04-06', '0000-00-00', '', 0, '', '', ''),
(66, NULL, 2, NULL, '', '0000-00-00', '0000-00-00', 'TORAJ.pdf', 0, '', '', ''),
(68, 80, 2, NULL, '16172', '2008-04-06', '0000-00-00', '', 0, '', '', ''),
(69, 84, 2, NULL, '860874', '2008-03-27', '0000-00-00', '32.tif', 0, '', '', ''),
(70, 84, 2, NULL, '860874', '2008-03-27', '0000-00-00', '32.tif', 0, '', '', ''),
(71, 84, 2, NULL, '860874', '2008-03-27', '0000-00-00', '32.tif', 0, '', '', ''),
(72, 84, 2, NULL, '860874', '2008-03-27', '0000-00-00', '32.tif', 0, '', '', ''),
(73, 84, 2, NULL, '860874', '2008-03-27', '0000-00-00', '32.tif', 0, '', '', ''),
(74, 84, 2, NULL, '860874', '2008-03-27', '0000-00-00', '32.tif', 0, '', '', ''),
(75, 84, 2, NULL, '860874', '2008-03-27', '0000-00-00', '32.tif', 0, '', '', ''),
(76, 85, 2, NULL, '1065006', '2008-04-16', '0000-00-00', 'cmr gt36.jpg', 0, '', '', ''),
(77, 88, 2, NULL, '1', '2008-05-28', '2008-05-29', 'cmr gt,044.jpg', 0, '', '', '--'),
(82, 0, 2, NULL, '1065014,', '0000-00-00', '0000-00-00', 'cmr gt 38.jpg', 0, '', '', ''),
(80, NULL, 2, NULL, '1064988', '0000-00-00', '0000-00-00', 'cmr gt 043.jpg', 0, '', '', ''),
(83, NULL, 4, NULL, '21662', '0000-00-00', '0000-00-00', '111 003.jpg', 1, '2506396', '21662', ''),
(84, 0, 4, NULL, '987879', '0000-00-00', '0000-00-00', 'adel-ferdosi.jpg', 1, '756567', '8878787', 'hjgkjhgkjhgkhj jkhklkl'),
(85, 0, 4, NULL, '2314234', '2008-05-30', '2008-05-14', '16908-b.jpg', 1, '12312123', '234234', ''),
(86, NULL, 4, NULL, '2323', '2008-05-28', '2008-05-30', 'e61.JPG', 1, '232323', '', ''),
(87, NULL, 4, NULL, '2323', '2008-05-28', '2008-05-30', '', 1, '232323', '12', '12'),
(89, 0, 4, NULL, '2323', '2008-05-28', '2008-05-30', '_iphone.jpg', 1, '232323', '12', 'plok'),
(90, 0, 4, NULL, '2323', '2008-05-28', '2008-05-30', '_iphone.jpg', 1, '232323', '12', '65'),
(91, NULL, 4, NULL, '2323', '2008-05-28', '2008-05-30', '', 1, '232323', '12', '64'),
(92, 88, 2, NULL, '2', '2008-05-03', '2008-05-13', 'n93.jpg', 0, '', '', '333333333333333333333333333333'),
(93, 88, 5, NULL, '11', '2008-05-22', '2008-05-23', 'w850-2.jpg', 0, '', '', '4444444444444444444'),
(94, 0, 2, NULL, '12341234', '2008-05-26', '2008-05-28', 'TNA-Website contract.pdf', 0, '', '', ''),
(95, 89, 2, NULL, '345', '2008-05-21', '2008-05-29', 'abedzade.jpg', 0, '', '', ''),
(96, 92, 4, NULL, '111', '2008-04-04', '2008-05-05', '3230.jpg', 1, '222', '333', '6\r\n6'),
(97, 0, 4, 90, '111', '2008-04-04', '2008-05-13', 'n90.jpg', 1, '222', '333', '9+68464'),
(98, 0, 4, 100, '1234', '2008-05-28', '2008-05-30', 'esteghlal-moghavemat.jpg', 1, 'h123123hfjghfhjg123', '123', 'dedas'),
(99, 99, 2, NULL, '', '0000-00-00', '2008-05-29', 'esteghlal-moghavemat.jpg', 0, '', '', ''),
(101, 0, 4, 101, '11', '2008-05-04', '2008-05-28', '_iphone.jpg', 1, '2', '3', 'swegdtfgb'),
(102, 0, 4, 98, 'sedfsdf', '2008-05-03', '2008-05-13', '6600.jpg', 1, 'sdfsdf', 'sedfsdf', 'xz vxfcv ');

-- --------------------------------------------------------

-- 
-- Table structure for table `xxmail_body`
-- 

CREATE TABLE `xxmail_body` (
  `xbodyid` int(11) NOT NULL auto_increment,
  `xfrom` varchar(20) collate utf8_persian_ci default NULL,
  `xto` text collate utf8_persian_ci,
  `xcc` text collate utf8_persian_ci,
  `xsubject` varchar(255) collate utf8_persian_ci default NULL,
  `xbody` text collate utf8_persian_ci,
  `xtime` timestamp NULL default CURRENT_TIMESTAMP,
  `xpriority` enum('normal','low','high') collate utf8_persian_ci default 'normal',
  `xattachment` varchar(256) collate utf8_persian_ci default NULL,
  PRIMARY KEY  (`xbodyid`),
  KEY `xfrom` (`xfrom`)
) ENGINE=MyISAM  DEFAULT CHARSET=utf8 COLLATE=utf8_persian_ci AUTO_INCREMENT=71 ;

-- 
-- Dumping data for table `xxmail_body`
-- 

INSERT INTO `xxmail_body` (`xbodyid`, `xfrom`, `xto`, `xcc`, `xsubject`, `xbody`, `xtime`, `xpriority`, `xattachment`) VALUES 
(1, '0', ',Sadaf,', ',sepideh,', 'not compelete information', 'mrs. Mahjoobi,\r\n\r\npls fill and compelete all information for GT/۱۲۸', '2007-10-15 14:12:57', 'normal', NULL),
(2, 'inf1', ',document,', ',,', 'test', '', '2007-10-20 10:16:54', 'normal', NULL),
(3, 'inf8', ',Sadaf,', ',sepideh,Nasibe,', 'LLC/۲۸', 'is truck underloading or not?\r\nLLC/۲۸', '2007-10-22 13:23:57', 'normal', NULL),
(4, 'inf10', ',shahram,', ',sepideh,Nasibe,', 'RE: LLC/۲۸', '\r\n\r\nOn ۲۰۰۷-۱۰-۲۲ ۱۳:۲۳:۵۷ shahram wrote:\r\nis truck underloading or not?\r\nLLC/۲۸\r\n\r\n- Dear Sir,\r\n\r\ncontract conclude with carrier, and our agent going for loading now.', '2007-10-22 13:32:13', 'normal', NULL),
(5, 'inf10', ',Sadaf,', ',,Nasibe,', 'FWD: RE: LLC/۲۸', '\r\n---------- Forwarded message ----------\r\nFrom: sepideh\r\nDate: ۲۰۰۷-۱۰-۲۲ ۱۳:۳۲:۱۳\r\nSubject: RE: LLC/۲۸\r\n\r\n\r\nOn ۲۰۰۷-۱۰-۲۲ ۱۳:۲۳:۵۷ shahram wrote:\r\nis truck underloading or not?\r\nLLC/۲۸\r\n\r\n- Dear Sir,\r\n\r\ncontract conclude with carrier, and our agent going for loading now.', '2007-10-22 13:50:00', 'normal', NULL),
(6, 'inf8', ',sepideh,Nasibe,Sadaf,', ',,', 'llc/۲۸', 'loading date???????', '2007-10-23 11:46:15', 'normal', NULL),
(7, 'inf8', ',sepideh,', ',,', 'LLC/۲۸', 'what''s the last status of subject project', '2007-10-29 11:23:52', 'normal', NULL),
(8, 'inf16', ',Sepideh,', ',Shahram;Sadaf,', 'LLC۲۸', 'truck left Astara on ۲۸.۱۰.۰۷ and reached to Baku on ۲۹.۱۰.۰۷', '2007-10-30 11:06:14', 'normal', NULL),
(9, 'inf8', ',sepideh,Sadaf,', ',,', 'GT/۱۸۷', 'What''s the last status????', '2007-10-30 13:22:42', 'normal', NULL),
(10, 'inf8', ',sepideh,Sadaf,', ',,', 'Imports', 'did u contact with Farnood?\r\nwhat''s result??', '2007-10-30 13:23:49', 'normal', NULL),
(11, 'inf10', ',shahram,', ',,', 'RE: Imports', '\r\n\r\nOn ۲۰۰۷-۱۰-۳۰ ۱۳:۲۳:۴۹ shahram wrote:\r\ndid u contact with Farnood?\r\nwhat''s result??\r\n\r\n\r\nyes, we have to go to stamp th BL ', '2007-10-31 11:02:01', 'normal', NULL),
(12, 'inf8', ',Sadaf,', ',,', 'test', 'test', '2007-11-04 14:29:45', 'normal', NULL),
(13, 'inf8', ',Sadaf,', ',,', 'test', 'test', '2007-11-04 14:32:40', 'normal', NULL),
(14, 'inf1', ',operation,', ',,', 'test', 'test', '2007-11-08 14:12:08', 'normal', NULL),
(15, 'inf8', ',carrier,sepideh,Sadaf,', ',,', 'LLC/۲۵', 'I think status of this project is Under re-stuffing? !!۱ yes??', '2007-11-18 09:14:24', 'normal', NULL),
(16, 'inf10', ',shahram,', ',,', 'RE: LLC/۲۵', '\r\n\r\nOn ۲۰۰۷-۱۱-۱۸ ۰۹:۱۴:۲۴ shahram wrote:\r\nI think status of this project is Under re-stuffing? !!۱ yes??\r\n\r\n\r\nDear Sir,\r\n Yes\r\n\r\n\r\nDear Sadaf\r\npls update the schadule', '2007-11-18 09:32:10', 'normal', NULL),
(17, 'inf10', ',shahram,', ',,', 'RE: GT/۱۸۷', '\r\n\r\nOn ۲۰۰۷-۱۰-۳۰ ۱۳:۲۲:۴۲ shahram wrote:\r\nWhat''s the last status????\r\n\r\nreached to border\r\n\r\n\r\nSadaf, pls update', '2007-11-18 09:34:05', 'normal', NULL),
(18, 'inf8', ',sepideh,document,Sadaf,', ',,', 'LLC/۳۹', 'This project already rlz from shipping line....where is the last status???/', '2007-11-18 13:47:46', 'normal', NULL),
(19, 'inf8', ',sepideh,Nasibe,', ',,', 'GTI/۱۸۲', 'cargo dispatch Sarakhs and I can''t see Iran or russian platform.???', '2007-11-20 09:59:51', 'normal', NULL),
(20, 'inf8', ',sepideh,Nasibe,', ',,', 'GTI/۱۸۲', 'what''s Iranian platform No. and copy of SMGS?????', '2007-11-22 09:52:51', 'normal', NULL),
(21, 'inf8', ',sepideh,Nasibe,', ',,', 'GTI/۱۸۸', 'what''s last status of subject project???? not under custom????', '2007-11-22 09:54:55', 'normal', NULL),
(22, 'inf16', ',Mirzaee,', ',,', 'over weight', 'dear hossein ,\r\n\r\nPlease be informed that the over weight of the gt/۱۸۸ , gt/۱۷۳ , llc/۴۰ are as followed : \r\n\r\n\r\n\r\nGT/۱۸۸                    ۲۱.۴۴۰                        ۲۳.۶۴۰                           ۳.۶۴۰\r\n\r\nGT/۱۷۳                    ۱۶.۸۳۰                        ۲۱.۳۳۰                           ۱.۳۳۰\r\n\r\nLLC/۴۰                     ۱۸.۰۸۸                        ۲۰.۵۸۸                              ۵۸۸\r\n\r\nBest regards\r\nm.heidari        \r\n', '2007-12-03 11:39:16', 'normal', NULL),
(23, 'inf16', ',Mirzaee,', ',Sadaf,sepideh,', '', 'Dear mirzaee,\r\n\r\nPleas be ibformed that the ovr weight of the GT/۲۰۱ is as followed : \r\n\r\n\r\nP.no             cargo weight                CNTR & goods weight                  over weight\r\n\r\nGT/۲۰۱           ۱۸.۳۷۰                          ۲۲.۰۰۰                                     ۲.۰۰۰\r\n\r\nThanks & best regards .\r\nm.heidari', '2007-12-23 12:15:31', 'normal', NULL),
(24, 'inf9', ',Mirzaee,', ',sepideh,', 'LLC/۴۳', 'Dear Mr. Mirzaee\r\n\r\nPlease issue invoice for this shipment', '2007-12-24 15:42:36', 'normal', NULL),
(25, 'inf16', ',Amir,', ',,', '', 'dear Mr.ashrafi ,\r\n\r\nThe drivers  informition are as follow :\r\n\r\nbest regards\r\nm.heidari', '2007-12-25 11:13:51', 'normal', 'minsk.doc'),
(26, 'inf9', ',Mirzaee,', ',sepideh,', 'inventory charge', 'dear Mr. Mirzaee\r\n\r\nkindly add ۲۰۰$ for inventory charges for projects numbers GT/۲۰۹, GT/۲۱۱, GT/۲۱۲ in to their invoice account.', '2007-12-26 11:23:21', 'normal', NULL),
(27, 'inf9', ',Heidari,', ',sepideh,', 'GT/۲۱۰', 'The cargo has to be loaded into tilt truck without container and without any consolidation. ', '2007-12-27 10:43:07', 'normal', NULL),
(28, 'inf9', ',Mirzaee,', ',sepideh,', 'GT/۱۸۶', 'Dear Mr.Mirzaee,\r\nthis cargo has the following expences:\r\n۲۹۷۰۰۰ Rials for inventory.\r\n۲۷۵۰۰۰ Rials for warehousing on our responsibility.\r\n۲ bonds\r\n۵۰۰ KG more different in weight.\r\n۲۵۵۰۰۰ Rials ton/kilometers', '2007-12-27 10:49:21', 'normal', NULL),
(29, 'inf10', ',Heidari, mirzaee,', ',sadaf,', 'G/۱۹۹', '\r\n dear heidari,  pls inform us regarding subject cntr , is that reached to destination?\r\n\r\n\r\ndear Mirzaee, pls isuue the inv', '2007-12-27 11:45:47', 'normal', NULL),
(30, 'inf16', ',sepideh,', ',,', 'gt/۱۹۹', 'Dear sadree\r\n\r\ncoz i havn''n any phon or cell No of driver, so unfortunetly i can''t give u any information about that.', '2007-12-27 11:58:39', 'normal', NULL),
(31, 'inf16', ',Amir,', ',,', '', 'Dear Mr.ashrafi ,\r\n\r\nKindly fine the GPS of TTT/U/۱ shipments in att.\r\n\r\nbest regards\r\nm.heidari\r\n ', '2007-12-27 12:03:13', 'normal', 'CTN1.doc'),
(32, 'inf10', ',Heidari,', ',,', 'RE: gt/۱۹۹', '\r\n\r\nOn ۲۰۰۷-۱۲-۲۷ ۱۱:۵۸:۳۹ Heidari wrote:\r\nDear sadree\r\n\r\ncoz i havn''n any phon or cell No of driver, so unfortunetly i can''t give u any information about that.\r\n\r\n\r\ndear heidari\r\n\r\npls call to carrier co. and ask them', '2007-12-27 12:44:35', 'normal', NULL),
(33, 'inf16', ',Amir,', ',,', '', 'Dear  mr.ashrafi ,\r\n\r\nKindly fine the GPS of  TTT/U/۱ shipments in att.\r\n\r\nBest regards\r\nM.Heidari\r\n\r\n \r\n', '2007-12-31 11:43:58', 'normal', 'CTN.doc'),
(34, 'inf9', ',Mirzaee,', ',sepideh,', 'GT/۲۱۰', 'Dear Mirzaee,\r\n\r\nProject ۲۱۰ expenses are as follow:\r\n۱۵۴۸۰۰۰ Rials for warehousing charges and strip\r\n۲۶۳۲۷۹ Rials for local insurance and wharf age\r\n۱۹۸۰۰۰ Rials for strip\r\n۲ bonds  \r\n', '2008-01-02 11:16:49', 'normal', NULL),
(35, 'inf10', ',sadaf,', ',hossein ,kuralay,', 'LLC/۴۳', 'Dear Mahjoobi,\r\n\r\npls inform to client that the cntr no that mention in BL and Manifest is wrong and it cause some penalty and surcharges in B.Abbas . also pls take all extra charges from Mr. Nikfar and inform to Mr. Mirzaee for invoice\r\n', '2008-01-08 09:04:56', 'normal', NULL),
(36, 'inf10', ',sadaf,', ',hossein, amir,', 'GLI/۰۳۵ ; GLI/۰۳۲', '\r\ndear sadaf, Mirzaee\r\n\r\npls be inform that the cargo of ۲ project has over weight about ۱۸MT.\r\n\r\n', '2008-01-08 09:06:59', 'normal', NULL),
(37, 'inf10', ',sadaf,', ',heidari, mirzaee, kuralay,', 'LLC/۳۷', 'Dear mirzaee, Mahjoobi,\r\n\r\n\r\ncargo of subject project is traffical and need permision . \r\n\r\ndear Mahjoobi,\r\n\r\npls take extra charges from B.Abbas by mail\r\n\r\n\r\nDear Mirzaee.\r\npls  mention extra chrages, permision and extra charge for truck in invoice.', '2008-01-08 09:11:14', 'normal', NULL),
(38, 'inf10', ',hossein,', ',sadaf, Amir,', 'G/T/۰۰۴', 'dear mirzaee,\r\n \r\nsubject cntr۱x۲۰''/KOC/almaty/Auto spare part will go by rail pls provid us rail cost to avoid the detention of wagon', '2008-01-14 11:24:35', 'normal', NULL),
(39, 'inf10', ',hossein,', ',sadaf, Amir,', 'G/T/۰۰۵', 'dear mirzaee,\r\n \r\nsubject cntr۲x۴۰''/SOC/chymkent-KZ/herbal medicin will go by rail pls provide us rail cost to avoid the detention of wagon', '2008-01-14 11:26:27', 'normal', NULL),
(40, 'inf10', ',Mirzaee,', ',sadaf, Amir,', 'FWD: G/T/۰۰۵', '\r\n---------- Forwarded message ----------\r\nFrom: sepideh\r\nDate: ۲۰۰۸-۰۱-۱۴ ۱۱:۲۶:۲۷\r\nSubject: G/T/۰۰۵\r\ndear mirzaee,\r\n \r\nsubject cntr۲x۴۰''/SOC/chymkent-KZ/herbal medicin will go by rail pls provide us rail cost to avoid the detention of wagon', '2008-01-14 15:20:23', 'normal', NULL),
(41, 'inf10', ',Mirzaee,', ',sadaf, Amir,', 'FWD: G/T/۰۰۴', '\r\n---------- Forwarded message ----------\r\nFrom: sepideh\r\nDate: ۲۰۰۸-۰۱-۱۴ ۱۱:۲۴:۳۵\r\nSubject: G/T/۰۰۴\r\ndear mirzaee,\r\n \r\nsubject cntr۱x۲۰''/KOC/almaty/Auto spare part will go by rail pls provid us rail cost to avoid the detention of wagon', '2008-01-14 15:20:43', 'normal', NULL),
(42, 'inf16', ',Amir,', ',account,', 'per paid requested for Astana and Almaty', 'Dear Mr.Ashrafi\r\n\r\nPlease note , The loaded trucks as sub destination need to prepaid charges as below mentioned . \r\nKindly try to do need ful assistance for payment asap.\r\n\r\nAstana        ۴۲/۰۰۰/۰۰۰  R\r\nAlmaty        ۵۵/۰۰۰/۰۰۰  R ', '2008-01-14 15:28:23', 'normal', NULL),
(43, 'inf16', ',Alimohammad,', ',account,', 'FWD: per paid requested for Astana and Almaty', '\r\n---------- Forwarded message ----------\r\nFrom: Heidari\r\nDate: ۲۰۰۸-۰۱-۱۴ ۱۵:۲۸:۲۳\r\nSubject: per paid requested for Astana and Almaty\r\nDear Mr.Ashrafi\r\n\r\nPlease note , The loaded trucks as sub destination need to prepaid charges as below mentioned . \r\nKindly try to do need ful assistance for payment asap.\r\n\r\nAstana        ۴۲/۰۰۰/۰۰۰  R\r\nAlmaty        ۵۵/۰۰۰/۰۰۰  R ', '2008-01-14 15:41:55', 'normal', NULL),
(44, 'inf16', ',Omid,', ',account,', 'FWD: FWD: per paid requested for Astana and Almaty', '\r\n---------- Forwarded message ----------\r\nFrom: Heidari\r\nDate: ۲۰۰۸-۰۱-۱۴ ۱۵:۴۱:۵۵\r\nSubject: FWD: per paid requested for Astana and Almaty\r\n\r\n---------- Forwarded message ----------\r\nFrom: Heidari\r\nDate: ۲۰۰۸-۰۱-۱۴ ۱۵:۲۸:۲۳\r\nSubject: per paid requested for Astana and Almaty\r\nDear Mr.Ashrafi\r\n\r\nPlease note , The loaded trucks as sub destination need to prepaid charges as below mentioned . \r\nKindly try to do need ful assistance for payment asap.\r\n\r\nAstana        ۴۲/۰۰۰/۰۰۰  R\r\nAlmaty        ۵۵/۰۰۰/۰۰۰  R ', '2008-01-14 15:49:24', 'normal', NULL),
(45, 'inf20', ',,', ',,', '', '', '2008-01-15 10:13:38', 'normal', NULL),
(46, 'inf20', ',Mirzaee,', ',,', 'test', 'salam', '2008-01-15 10:23:03', 'normal', NULL),
(47, 'inf20', ',Amir,', ',,', 'current accounts', 'موجودی حسابها در ۲۵/۱۰/۸۶\r\nجام       ۱۵۰۰۰۰۰ ریال \r\nرسمی      ۴۵۰۰۰۰۰ ریال \r\nکریر     ۷۵۰۰۰۰۰ ریال \r\nمشترک    ۱۵۰۰۰۰۰ ریال \r\nمبالغی که می بایستی پرداخت گردد،\r\nهزینه بیمه    ۹۰۰۰۰۰۰ ریال \r\nهزینه دفترخانه ۱۸۰۰۰۰۰۰ ریال \r\nهزینه خدمات کامپیوتری -شرکت سپند ۱۰۰۰۰۰۰۰ ریال \r\nهزینه اینترنت   ۶۰۰۰۰۰ ریال \r\nضمنا روز ۳۰/۱۰/۸۶ مبلغ ۲۱۵۰۰۰۰۰ ریال چک در وجه اکبری می بایست پاس گردد', '2008-01-15 10:37:47', 'normal', NULL),
(48, 'inf20', ',Amir,', ',,', 'موجودی ', 'موجودی حسابهای بانکی در ۲۶/۱۰/۸۶\r\nجام       ۴۷۱.۵۰۰.۰۰۰ ریال \r\nرسمی            ۴.۵۰۰.۰۰۰ ریال \r\nکریر        ۷.۵۰۰.۰۰۰ ریال \r\nمشترک        ۱.۵۰۰.۰۰۰ ریال \r\n\r\nپرداختی ها تا ۵ روز اینده \r\nبیمه اذر ۹.۰۰۰.۰۰۰ ریال \r\nاجاره ۹.۰۰۰.۰۰۰ ریال \r\nچک جام دروجه اکبری ۲۱.۵۰۰.۰۰۰ ریال \r\nحقوق اذر ۴۶.۰۰۰.۰۰۰ ریال \r\nهزینه دفتر خانه   ۱۸.۰۰۰.۰۰۰ ریال \r\nحساب شرکت سپند (خدمات کامپیوتری )  ۱۰.۰۰۰.۰۰۰ ریال', '2008-01-16 09:25:59', 'normal', NULL),
(49, 'inf10', ',sadaf,', ',,', 'G/۱۹۳', 'pls change transportation mode to Rail', '2008-01-16 15:08:48', 'normal', NULL),
(50, 'inf10', ',mirzaee,', ',,', 'G/۱۹۲', 'did you issue the invoice for job', '2008-01-16 15:10:15', 'normal', NULL),
(51, 'inf10', ',mirzaee,', ',,', 'LLC/۴۴', 'did you issue INV for job, if not ask QT from MRS Kuralay', '2008-01-16 15:12:56', 'normal', NULL),
(52, 'inf20', ',Amir,', ',,', 'اعلام موجودی بانک ', 'تاریخ   ۲۷/۱۰/۸۶\r\nجام      ۹۷.۵۰۰.۰۰۰ ریال \r\nرسمی      ۴.۵۰۰.۰۰۰ ریال \r\nکریر    ۷.۵۰۰.۰۰۰ ریال \r\nمشترک     ۱.۵۰۰.۰۰۰ ریال ', '2008-01-17 09:40:20', 'normal', NULL),
(53, 'inf20', ',Amir,', ',,', 'موجودی حساب  ', 'احتراما موجودی حسابهای بانکی در ۲/۱۱/۸۶ بشرح ذیل اعلام میگردد\r\nجاری جام                 ۲۳.۰۰۰.۰۰۰ ریال \r\nجاری کریر          ۱۳.۵۰۰.۰۰۰ ریال \r\nجاری مشترک         ۱.۵۰۰.۰۰۰ ریال \r\nجاری شرکت         ۲۰۰.۰۰۰ ریال ', '2008-01-22 10:10:26', 'normal', NULL),
(54, 'inf20', ',Amir,', ',,', 'اعلام موجودی بانک  ', 'با احترام موجودی بانکها در ۳/۱۱/۸۶ بشرح ذیل اعلام می گردد\r\nجام                    ۱۷.۵۰۰.۰۰۰ ریال\r\nکریر                 ۱۳.۵۰۰.۰۰۰ ریال \r\nمشترک              ۱.۵۰۰.۰۰۰ ریال \r\nرسمی              ۲۰۰.۰۰۰ ریال ', '2008-01-23 09:21:14', 'normal', NULL),
(55, 'inf20', ',Amir,', ',,', 'اعلام موجودی حساب ', 'احتراما موجودی بانکهادر ۶/۱۱/۱۳۸۶ بشرح ذیل بحضور اعلام می گردد \r\nجاری جام                         ۲۲۴.۰۰۰.۰۰۰ ریال \r\nجاری رسمی                           ۲۰۰.۰۰۰ ریال \r\nجاری مشترک                       ۱.۵۰۰.۰۰۰ ریال \r\nجاری کریر                            ۳.۲۰۰.۰۰۰ ریال  ', '2008-01-26 10:29:40', 'normal', NULL),
(56, 'inf20', ',,', ',,', '', '', '2008-01-27 11:01:53', 'normal', NULL),
(57, 'inf20', ',,', ',,', '', '', '2008-01-27 11:02:01', 'normal', NULL),
(58, 'inf20', ',Amir,', ',,', 'لیست حسابهای فعال شرکت ', 'احتراما لیست درخواستی بمنظور قرار گرفتن بعنوان پایه و مانده جدید حسابهای شرکت جهت استحضار و تایید به حضور ارسال می گردد\r\nبا سپاس - گودرزی ', '2008-01-27 11:06:54', 'normal', 'حسابهای فعال.xls'),
(59, 'inf20', ',Amir,', ',,', 'موجودی حساب بانکها', 'بااحترام موجودی حسابهای بانکی در ۸/۱۱/۱۳۸۶ بشرح ذیل بحضور اعلام میگردد\r\nجاری جام                 ۱۴۱.۵۰۰.۰۰۰ ریال   \r\nجاری کریر                          ۳.۲۰۰.۰۰۰\r\nجاری رسمی                   ۲۰۰.۰۰۰ ریال \r\nجاری مشترک                ۱.۵۰۰.۰۰۰ ریال ', '2008-01-28 09:53:33', 'normal', NULL),
(60, 'inf10', ',Mirzaee,', ',sadaf,', 'G/۰۰۵', 'pls be inform that subject project has aamend  charges', '2008-01-28 10:11:53', 'normal', NULL),
(61, 'inf9', ',Mirzaee,', ',sepideh,', 'GT/۲۱۴', 'Dear Mr. Mirzaee,\r\n\r\nPlease be informed that the cargo will be insured locally.', '2008-01-28 11:28:41', 'normal', NULL),
(62, 'inf20', ',Amir,', ',,', 'موجودی حسابهای بانکی  ', 'بااحترام موجودی حسابهای بانکی در ۹/۱۱/۸۶ بشرح ذیل بحضور اعلام میگردد\r\nجاری جام                        ۱۲۳.۵۰۰.۰۰۰ ریال \r\nجاری رسمی                                ۲۰۰.۰۰۰\r\nجاری کریر                                 ۳.۲۰۰.۰۰۰\r\nجاری مشترک                            ۱.۵۰۰.۰۰۰                  \r\n', '2008-01-29 09:19:25', 'normal', NULL),
(63, 'inf20', ',Amir,', ',,', 'اعلام موجودی حساب ', 'بااحترام موجودی حسابهای بانکی در 14/11/86 بشرح ذیل اعلام می گردد\r\nجاری جام                               85.000.000 ریال \r\nجاری رسمی                                200.000 ریال \r\nجاری کریر                                      3.000.000\r\nجاری مشترک                            1.500.000 ریال  ', '2008-01-31 09:22:31', 'normal', NULL),
(64, 'inf9', ',Hossein,', ',sepideh,', 'GT/009', 'receiving telex release on 30.1 and arrival on 26.1/ hold by shipper', '2008-01-31 09:23:37', 'normal', NULL),
(65, 'inf9', ',Hossein,', ',sepideh,', 'LLC/46', 'cargo arrived on 22.1 released on 30.1/we payed for amendment ', '2008-01-31 09:25:48', 'normal', NULL),
(66, 'inf20', ',Amir,', ',,', 'FWD: اعلام موجودی حساب ', '\r\n---------- Forwarded message ----------\r\nFrom: Omid\r\nDate: 2008-01-31 09:22:31\r\nSubject: اعلام موجودی حساب \r\nبااحترام موجودی حسابهای بانکی در 14/11/86 بشرح ذیل اعلام می گردد\r\nجاری جام                               85.000.000 ریال \r\nجاری رسمی                                200.000 ریال \r\nجاری کریر                                      3.000.000\r\nجاری مشترک                            1.500.000 ریال  ', '2008-01-31 09:58:53', 'normal', NULL),
(67, 'inf9', ',Mirzaee,', ',sepideh,', 'FWD: GT/009', '\r\n---------- Forwarded message ----------\r\nFrom: Sadaf\r\nDate: 2008-01-31 09:23:37\r\nSubject: GT/009\r\nreceiving telex release on 30.1 and arrival on 26.1/ hold by shipper', '2008-01-31 11:46:48', 'normal', NULL),
(68, 'inf9', ',Mirzaee,', ',sepideh,', 'FWD: LLC/46', '\r\n---------- Forwarded message ----------\r\nFrom: Sadaf\r\nDate: 2008-01-31 09:25:48\r\nSubject: LLC/46\r\ncargo arrived on 22.1 released on 30.1/we payed for amendment ', '2008-01-31 11:47:33', 'normal', NULL),
(69, 'inf1', ',sa,', ',,', 'sa', 'sa', '2008-03-01 12:18:13', 'normal', NULL),
(70, 'inf1', ',sa,', ',,', 'adsadsavfdgfdg', ' sfdsfsdf sdf dsfds', '2008-05-12 15:19:29', 'high', NULL);

-- --------------------------------------------------------

-- 
-- Table structure for table `xxmail_userbody`
-- 

CREATE TABLE `xxmail_userbody` (
  `xuserbodyid` int(11) NOT NULL auto_increment,
  `xusernameid` varchar(20) collate utf8_persian_ci default NULL,
  `xbodyid` int(11) default NULL,
  `xtype` enum('to','cc','from') collate utf8_persian_ci NOT NULL default 'to',
  `xsession` varchar(32) collate utf8_persian_ci default NULL COMMENT 'for follow replay random number',
  `xuserbodystatus` enum('read','unread') collate utf8_persian_ci NOT NULL default 'unread' COMMENT 'read,unread',
  `xnotifydate` timestamp NULL default NULL,
  `xdir` enum('inbox','sent','draft') collate utf8_persian_ci NOT NULL default 'inbox',
  PRIMARY KEY  (`xuserbodyid`),
  KEY `xusernameid` (`xusernameid`)
) ENGINE=MyISAM  DEFAULT CHARSET=utf8 COLLATE=utf8_persian_ci AUTO_INCREMENT=188 ;

-- 
-- Dumping data for table `xxmail_userbody`
-- 

INSERT INTO `xxmail_userbody` (`xuserbodyid`, `xusernameid`, `xbodyid`, `xtype`, `xsession`, `xuserbodystatus`, `xnotifydate`, `xdir`) VALUES 
(1, '0', 1, 'from', '7686223803', 'unread', NULL, 'sent'),
(4, 'inf1', 2, 'from', '5332487686', 'read', '2007-10-20 10:17:14', 'sent'),
(5, 'inf3', 2, 'to', '4228786917', 'unread', NULL, 'inbox'),
(6, 'inf8', 3, 'from', '9588997024', 'unread', NULL, 'sent'),
(17, 'inf8', 6, 'from', '9353174530', 'unread', NULL, 'sent'),
(8, 'inf10', 3, 'cc', '8549817032', 'read', '2007-10-22 13:26:34', 'inbox'),
(39, 'inf8', 15, 'from', '8976511728', 'unread', NULL, 'sent'),
(10, 'inf10', 4, 'from', '8580698257', 'read', '2007-10-22 13:49:31', 'sent'),
(14, 'inf10', 5, 'from', '0782362215', 'read', '2007-10-31 11:02:07', 'sent'),
(12, 'inf10', 4, 'cc', '2798354654', 'read', '2007-10-30 11:00:40', 'inbox'),
(40, 'inf7', 15, 'to', '2471654330', 'unread', NULL, 'inbox'),
(45, 'inf10', 17, 'from', '8913664890', 'read', '2007-11-18 09:34:09', 'sent'),
(41, 'inf10', 15, 'to', '0407008019', 'read', '2007-11-18 09:29:19', 'inbox'),
(18, 'inf10', 6, 'to', '6615677142', 'read', '2007-10-23 12:07:15', 'inbox'),
(42, 'inf9', 15, 'to', '3387518310', 'read', '2007-11-18 09:36:23', 'inbox'),
(21, 'inf8', 7, 'from', '5008136369', 'unread', NULL, 'sent'),
(22, 'inf10', 7, 'to', '9426757758', 'read', '2007-10-30 10:59:42', 'inbox'),
(23, 'inf16', 8, 'from', '8010416974', 'read', '2007-12-03 11:39:27', 'sent'),
(24, 'inf10', 8, 'to', '0884707102', 'read', '2007-10-30 11:11:15', 'inbox'),
(25, 'inf8', 9, 'from', '1614731082', 'unread', NULL, 'sent'),
(26, 'inf10', 9, 'to', '4785347834', 'read', '2007-11-18 09:31:14', 'inbox'),
(28, 'inf8', 10, 'from', '2061915721', 'unread', NULL, 'sent'),
(29, 'inf10', 10, 'to', '9162011840', 'read', '2007-10-31 10:58:40', 'inbox'),
(43, 'inf10', 16, 'from', '4139224441', 'read', '2007-11-18 09:32:14', 'sent'),
(31, 'inf10', 11, 'from', '4278896996', 'read', '2007-10-31 11:03:18', 'sent'),
(47, 'inf8', 18, 'from', '1878229773', 'unread', NULL, 'sent'),
(33, 'inf8', 12, 'from', '3535420617', 'unread', NULL, 'sent'),
(38, 'inf2', 14, 'to', '7097032623', 'read', '2007-11-08 14:13:50', 'inbox'),
(35, 'inf8', 13, 'from', '7549206121', 'unread', NULL, 'sent'),
(37, 'inf1', 14, 'from', '7117863495', 'unread', NULL, 'sent'),
(48, 'inf10', 18, 'to', '9315078625', 'read', '2007-11-18 14:25:40', 'inbox'),
(49, 'inf3', 18, 'to', '3008064265', 'unread', NULL, 'inbox'),
(50, 'inf9', 18, 'to', '8828236815', 'read', '2007-11-18 14:08:47', 'inbox'),
(51, 'inf8', 19, 'from', '7683618804', 'unread', NULL, 'sent'),
(52, 'inf10', 19, 'to', '7106331689', 'read', '2007-11-21 09:43:06', 'inbox'),
(62, 'inf16', 23, 'from', '4753296406', 'unread', NULL, 'sent'),
(54, 'inf8', 20, 'from', '9323142759', 'unread', NULL, 'sent'),
(55, 'inf10', 20, 'to', '4456203734', 'read', '2007-12-03 09:56:45', 'inbox'),
(60, 'inf16', 22, 'from', '1104660651', 'unread', NULL, 'sent'),
(57, 'inf8', 21, 'from', '0470391283', 'unread', NULL, 'sent'),
(58, 'inf10', 21, 'to', '3113418609', 'read', '2007-12-03 09:57:20', 'inbox'),
(61, 'inf15', 22, 'to', '5403558751', 'read', '2007-12-03 11:40:48', 'inbox'),
(63, 'inf15', 23, 'to', '3648045556', 'read', '2007-12-23 12:22:45', 'inbox'),
(64, 'inf9', 23, 'cc', '9529608048', 'read', '2007-12-23 12:39:37', 'inbox'),
(65, 'inf10', 23, 'cc', '8620956462', 'read', '2007-12-26 11:25:02', 'inbox'),
(66, 'inf9', 24, 'from', '9699677157', 'unread', NULL, 'sent'),
(67, 'inf15', 24, 'to', '6361582054', 'read', '2007-12-24 15:47:32', 'inbox'),
(68, 'inf10', 24, 'cc', '4034613881', 'read', '2007-12-26 11:25:45', 'inbox'),
(69, 'inf16', 25, 'from', '6287045107', 'read', '2007-12-27 12:03:52', 'sent'),
(70, 'inf11', 25, 'to', '7805609876', 'read', '2007-12-25 15:02:51', 'inbox'),
(71, 'inf9', 26, 'from', '8229509347', 'unread', NULL, 'sent'),
(72, 'inf15', 26, 'to', '4444035076', 'read', '2007-12-26 14:11:33', 'inbox'),
(73, 'inf10', 26, 'cc', '5904799384', 'read', '2007-12-26 11:25:53', 'inbox'),
(74, 'inf9', 27, 'from', '3499285057', 'unread', NULL, 'sent'),
(75, 'inf16', 27, 'to', '8552680362', 'read', '2007-12-27 10:44:18', 'inbox'),
(76, 'inf10', 27, 'cc', '1161692865', 'read', '2007-12-27 11:21:18', 'inbox'),
(77, 'inf9', 28, 'from', '4155628248', 'unread', NULL, 'sent'),
(78, 'inf15', 28, 'to', '5181424080', 'read', '2007-12-27 11:28:35', 'inbox'),
(79, 'inf10', 28, 'cc', '3583254801', 'read', '2007-12-27 11:21:37', 'inbox'),
(80, 'inf10', 29, 'from', '0830027395', 'read', '2008-01-08 09:11:31', 'sent'),
(81, 'inf16', 29, 'to', '7657850323', 'read', '2007-12-27 11:50:35', 'inbox'),
(82, 'inf15', 29, 'to', '5247185982', 'read', '2007-12-27 11:45:55', 'inbox'),
(83, 'inf9', 29, 'cc', '2798633613', 'read', '2007-12-27 11:51:24', 'inbox'),
(84, 'inf16', 30, 'from', '7170010399', 'unread', NULL, 'sent'),
(85, 'inf10', 30, 'to', '8439076260', 'read', '2007-12-27 12:43:15', 'inbox'),
(86, 'inf16', 31, 'from', '3148312460', 'unread', NULL, 'sent'),
(87, 'inf11', 31, 'to', '5379715344', 'read', '2008-01-02 15:02:15', 'inbox'),
(88, 'inf10', 32, 'from', '4463104173', 'unread', NULL, 'sent'),
(89, 'inf16', 32, 'to', '4634593193', 'read', '2007-12-30 10:00:29', 'inbox'),
(90, 'inf16', 33, 'from', '9828643155', 'unread', NULL, 'sent'),
(91, 'inf11', 33, 'to', '0173278515', 'read', '2008-01-02 15:02:22', 'inbox'),
(92, 'inf9', 34, 'from', '0154084033', 'unread', NULL, 'sent'),
(93, 'inf15', 34, 'to', '7351767640', 'read', '2008-01-03 09:23:40', 'inbox'),
(94, 'inf10', 34, 'cc', '6400185495', 'read', '2008-01-02 11:45:32', 'inbox'),
(95, 'inf10', 35, 'from', '3247399475', 'unread', NULL, 'sent'),
(96, 'inf9', 35, 'to', '4766674285', 'read', '2008-01-08 10:07:40', 'inbox'),
(97, 'inf12', 35, 'cc', '0062014930', 'unread', NULL, 'inbox'),
(98, 'inf17', 35, 'cc', '7748962269', 'unread', NULL, 'inbox'),
(99, 'inf10', 36, 'from', '3939092764', 'unread', NULL, 'sent'),
(100, 'inf9', 36, 'to', '7528472350', 'read', '2008-01-08 10:08:41', 'inbox'),
(101, 'inf12', 36, 'cc', '6489835186', 'unread', NULL, 'inbox'),
(102, 'inf11', 36, 'cc', '4013556079', 'read', '2008-01-10 13:35:49', 'inbox'),
(103, 'inf10', 37, 'from', '5140407593', 'unread', NULL, 'sent'),
(104, 'inf9', 37, 'to', '5615880636', 'read', '2008-01-08 10:09:06', 'inbox'),
(105, 'inf16', 37, 'cc', '0012886583', 'read', '2008-01-08 10:43:04', 'inbox'),
(106, 'inf15', 37, 'cc', '2695334007', 'read', '2008-01-08 10:22:07', 'inbox'),
(107, 'inf17', 37, 'cc', '1796402219', 'unread', NULL, 'inbox'),
(108, 'inf10', 38, 'from', '2944387003', 'read', '2008-01-14 15:20:31', 'sent'),
(109, 'inf12', 38, 'to', '8628615049', 'unread', NULL, 'inbox'),
(110, 'inf9', 38, 'cc', '2010670911', 'read', '2008-01-15 11:18:03', 'inbox'),
(111, 'inf11', 38, 'cc', '0502346094', 'read', '2008-01-15 10:15:03', 'inbox'),
(112, 'inf10', 39, 'from', '5621742516', 'read', '2008-01-14 15:20:02', 'sent'),
(113, 'inf12', 39, 'to', '9206423523', 'unread', NULL, 'inbox'),
(114, 'inf9', 39, 'cc', '3658998330', 'read', '2008-01-15 11:18:26', 'inbox'),
(115, 'inf11', 39, 'cc', '2058488737', 'read', '2008-01-15 10:15:07', 'inbox'),
(116, 'inf10', 40, 'from', '8523808897', 'unread', NULL, 'sent'),
(117, 'inf15', 40, 'to', '2083734208', 'read', '2008-01-14 15:20:42', 'inbox'),
(118, 'inf9', 40, 'cc', '5079105578', 'read', '2008-01-15 11:18:39', 'inbox'),
(119, 'inf11', 40, 'cc', '7166283349', 'read', '2008-01-15 10:15:38', 'inbox'),
(120, 'inf10', 41, 'from', '9147293703', 'unread', NULL, 'sent'),
(121, 'inf15', 41, 'to', '5955041104', 'read', '2008-01-14 15:22:17', 'inbox'),
(122, 'inf9', 41, 'cc', '1551137907', 'read', '2008-01-15 11:18:53', 'inbox'),
(123, 'inf11', 41, 'cc', '6754417800', 'read', '2008-01-15 10:15:42', 'inbox'),
(124, 'inf16', 42, 'from', '2184561667', 'read', '2008-01-14 15:41:12', 'sent'),
(125, 'inf11', 42, 'to', '1770908422', 'read', '2008-01-15 10:17:26', 'inbox'),
(126, 'inf6', 42, 'cc', '1406608956', 'unread', NULL, 'inbox'),
(127, 'inf16', 43, 'from', '5581048239', 'read', '2008-01-14 15:48:50', 'sent'),
(128, 'inf18', 43, 'to', '5267058507', 'unread', NULL, 'inbox'),
(129, 'inf6', 43, 'cc', '4940090210', 'unread', NULL, 'inbox'),
(130, 'inf16', 44, 'from', '3507659047', 'unread', NULL, 'sent'),
(131, 'inf20', 44, 'to', '9938484927', 'read', '2008-01-14 15:50:24', 'inbox'),
(132, 'inf6', 44, 'cc', '3860185944', 'unread', NULL, 'inbox'),
(133, 'inf20', 45, 'from', '2305878079', 'unread', NULL, 'sent'),
(134, 'inf20', 46, 'from', '2269021599', 'unread', NULL, 'sent'),
(135, 'inf15', 46, 'to', '0512153497', 'read', '2008-01-15 10:23:25', 'inbox'),
(136, 'inf20', 47, 'from', '1469855749', 'unread', NULL, 'sent'),
(137, 'inf11', 47, 'to', '0603770881', 'read', '2008-01-15 15:17:52', 'inbox'),
(138, 'inf20', 48, 'from', '8626065669', 'unread', NULL, 'sent'),
(139, 'inf11', 48, 'to', '5833371084', 'read', '2008-01-23 10:24:22', 'inbox'),
(140, 'inf10', 49, 'from', '0582267996', 'unread', NULL, 'sent'),
(141, 'inf9', 49, 'to', '5581832647', 'read', '2008-01-16 15:09:13', 'inbox'),
(142, 'inf10', 50, 'from', '1224633176', 'unread', NULL, 'sent'),
(143, 'inf15', 50, 'to', '6655925347', 'read', '2008-01-16 16:02:43', 'inbox'),
(144, 'inf10', 51, 'from', '6880282202', 'unread', NULL, 'sent'),
(145, 'inf15', 51, 'to', '8847935746', 'read', '2008-01-16 16:03:54', 'inbox'),
(146, 'inf20', 52, 'from', '2648766597', 'unread', NULL, 'sent'),
(147, 'inf11', 52, 'to', '4593818460', 'read', '2008-01-23 10:24:57', 'inbox'),
(148, 'inf20', 53, 'from', '4705231345', 'read', '2008-01-22 14:02:50', 'sent'),
(149, 'inf11', 53, 'to', '8541158555', 'read', '2008-01-23 10:25:00', 'inbox'),
(150, 'inf20', 54, 'from', '4884039352', 'read', '2008-01-23 09:51:06', 'sent'),
(151, 'inf11', 54, 'to', '8218312676', 'read', '2008-01-23 10:25:03', 'inbox'),
(152, 'inf20', 55, 'from', '2427044637', 'unread', NULL, 'sent'),
(153, 'inf11', 55, 'to', '5136406859', 'read', '2008-01-27 10:21:07', 'inbox'),
(154, 'inf20', 56, 'from', '8888599433', 'unread', NULL, 'sent'),
(155, 'inf20', 57, 'from', '6114873845', 'unread', NULL, 'sent'),
(156, 'inf20', 58, 'from', '9777916873', 'read', '2008-01-27 11:07:12', 'sent'),
(157, 'inf11', 58, 'to', '5610761538', 'read', '2008-01-27 11:10:15', 'inbox'),
(158, 'inf20', 59, 'from', '3411904534', 'read', '2008-01-29 09:14:16', 'sent'),
(159, 'inf11', 59, 'to', '3469774009', 'read', '2008-01-28 11:03:00', 'inbox'),
(160, 'inf10', 60, 'from', '3406032654', 'unread', NULL, 'sent'),
(161, 'inf15', 60, 'to', '4364137169', 'read', '2008-01-28 10:25:39', 'inbox'),
(162, 'inf9', 60, 'cc', '6238635263', 'read', '2008-01-28 11:26:47', 'inbox'),
(163, 'inf9', 61, 'from', '1873175295', 'unread', NULL, 'sent'),
(164, 'inf15', 61, 'to', '4256245631', 'read', '2008-01-28 12:23:38', 'inbox'),
(165, 'inf10', 61, 'cc', '0755672848', 'read', '2008-01-30 09:50:31', 'inbox'),
(166, 'inf20', 62, 'from', '0555221293', 'unread', NULL, 'sent'),
(167, 'inf11', 62, 'to', '1157591220', 'read', '2008-01-29 11:03:20', 'inbox'),
(168, 'inf20', 63, 'from', '7113889229', 'read', '2008-01-31 09:55:41', 'sent'),
(169, 'inf11', 63, 'to', '0112671000', 'unread', NULL, 'inbox'),
(170, 'inf9', 64, 'from', '2982117814', 'read', '2008-01-31 11:46:04', 'sent'),
(171, 'inf12', 64, 'to', '9405857620', 'unread', NULL, 'inbox'),
(172, 'inf10', 64, 'cc', '9544732668', 'unread', NULL, 'inbox'),
(173, 'inf9', 65, 'from', '6171705058', 'read', '2008-01-31 11:47:19', 'sent'),
(174, 'inf12', 65, 'to', '4119321930', 'unread', NULL, 'inbox'),
(175, 'inf10', 65, 'cc', '6053202601', 'unread', NULL, 'inbox'),
(176, 'inf20', 66, 'from', '3037331383', 'unread', NULL, 'sent'),
(177, 'inf11', 66, 'to', '9500201163', 'unread', NULL, 'inbox'),
(178, 'inf9', 67, 'from', '2294372433', 'unread', NULL, 'sent'),
(179, 'inf15', 67, 'to', '9365040233', 'read', '2008-01-31 12:30:42', 'inbox'),
(180, 'inf10', 67, 'cc', '9083081180', 'unread', NULL, 'inbox'),
(181, 'inf9', 68, 'from', '2947052313', 'unread', NULL, 'sent'),
(182, 'inf15', 68, 'to', '4585411585', 'read', '2008-01-31 12:33:22', 'inbox'),
(183, 'inf10', 68, 'cc', '5585022405', 'unread', NULL, 'inbox'),
(184, 'inf1', 69, 'from', '7514635301', 'unread', NULL, 'sent'),
(185, 'inf1', 69, 'to', '5065605864', 'read', '2008-03-08 11:49:52', 'inbox'),
(186, 'inf1', 70, 'from', '9195927997', 'read', '2008-05-12 15:19:52', 'sent');

-- --------------------------------------------------------

-- 
-- Table structure for table `xxoffice`
-- 

CREATE TABLE `xxoffice` (
  `xofficeid` int(20) unsigned NOT NULL auto_increment,
  `xusernameid` varchar(20) collate utf8_persian_ci NOT NULL,
  `xoffice` varchar(100) collate utf8_persian_ci default NULL,
  `xphone` varchar(100) collate utf8_persian_ci default NULL,
  `xaddress` text collate utf8_persian_ci,
  `xfax` varchar(100) collate utf8_persian_ci default NULL,
  `xemail` varchar(100) collate utf8_persian_ci default NULL,
  `xwebsite` varchar(100) collate utf8_persian_ci default NULL,
  PRIMARY KEY  (`xofficeid`),
  KEY `xusernameid` (`xusernameid`)
) ENGINE=MyISAM DEFAULT CHARSET=utf8 COLLATE=utf8_persian_ci AUTO_INCREMENT=1 ;

-- 
-- Dumping data for table `xxoffice`
-- 


-- --------------------------------------------------------

-- 
-- Table structure for table `xxpackagetype`
-- 

CREATE TABLE `xxpackagetype` (
  `xpackagetypeid` int(20) unsigned NOT NULL auto_increment,
  `xpackagetype` varchar(100) collate utf8_persian_ci default NULL,
  PRIMARY KEY  (`xpackagetypeid`)
) ENGINE=MyISAM  DEFAULT CHARSET=utf8 COLLATE=utf8_persian_ci AUTO_INCREMENT=14 ;

-- 
-- Dumping data for table `xxpackagetype`
-- 

INSERT INTO `xxpackagetype` (`xpackagetypeid`, `xpackagetype`) VALUES 
(1, 'Box'),
(2, 'gunny'),
(3, 'Butt'),
(4, 'Palet'),
(5, 'bulk'),
(6, 'CTNS'),
(7, 'Drums'),
(8, 'Pieces'),
(9, 'barrels'),
(10, 'PKGS'),
(11, 'UNIT'),
(12, 'CASE'),
(13, 'BAGS');

-- --------------------------------------------------------

-- 
-- Table structure for table `xxport`
-- 

CREATE TABLE `xxport` (
  `xportid` int(20) unsigned NOT NULL auto_increment,
  `xport` varchar(100) collate utf8_persian_ci default NULL,
  PRIMARY KEY  (`xportid`)
) ENGINE=MyISAM  DEFAULT CHARSET=utf8 COLLATE=utf8_persian_ci AUTO_INCREMENT=12 ;

-- 
-- Dumping data for table `xxport`
-- 

INSERT INTO `xxport` (`xportid`, `xport`) VALUES 
(1, 'Anzali'),
(2, 'B.Abbas'),
(3, 'Sarakhs'),
(4, 'none'),
(5, 'Lotf Abad'),
(6, 'Astara'),
(7, 'Baj giran'),
(8, 'Bazargan'),
(9, 'Jolfa'),
(10, 'No dost'),
(11, 'IKIA');

-- --------------------------------------------------------

-- 
-- Table structure for table `xxreminder`
-- 

CREATE TABLE `xxreminder` (
  `xreminderid` int(20) unsigned NOT NULL auto_increment,
  `xreminder` text collate utf8_persian_ci,
  `xusernameid` varchar(20) collate utf8_persian_ci default NULL,
  `xreminderdate` date default NULL,
  `xreminderhour` int(3) default NULL,
  `xreminderminute` int(3) default NULL,
  `xremindertimestamp` varchar(30) collate utf8_persian_ci default NULL,
  `xreminderview` tinyint(1) NOT NULL default '0',
  PRIMARY KEY  (`xreminderid`),
  KEY `xusernameid` (`xusernameid`)
) ENGINE=MyISAM  DEFAULT CHARSET=utf8 COLLATE=utf8_persian_ci AUTO_INCREMENT=3 ;

-- 
-- Dumping data for table `xxreminder`
-- 

INSERT INTO `xxreminder` (`xreminderid`, `xreminder`, `xusernameid`, `xreminderdate`, `xreminderhour`, `xreminderminute`, `xremindertimestamp`, `xreminderview`) VALUES 
(2, '', 'inf20', '2008-01-23', 16, 35, '120109355', 1);

-- --------------------------------------------------------

-- 
-- Table structure for table `xxreport_favor`
-- 

CREATE TABLE `xxreport_favor` (
  `xfavorid` int(20) unsigned NOT NULL auto_increment,
  `xfavor` varchar(128) collate utf8_persian_ci default NULL,
  `xshowfield` text collate utf8_persian_ci NOT NULL,
  `xsql` text collate utf8_persian_ci,
  `xfunction` text collate utf8_persian_ci,
  `xusernameid` int(20) unsigned default NULL,
  PRIMARY KEY  (`xfavorid`)
) ENGINE=MyISAM DEFAULT CHARSET=utf8 COLLATE=utf8_persian_ci AUTO_INCREMENT=1 ;

-- 
-- Dumping data for table `xxreport_favor`
-- 


-- --------------------------------------------------------

-- 
-- Table structure for table `xxreport_groupfavor`
-- 

CREATE TABLE `xxreport_groupfavor` (
  `xgroupfavorid` int(20) unsigned NOT NULL auto_increment,
  `xgroupid` int(20) unsigned NOT NULL,
  `xfavorid` int(20) unsigned NOT NULL,
  PRIMARY KEY  (`xgroupfavorid`)
) ENGINE=MyISAM DEFAULT CHARSET=utf8 COLLATE=utf8_persian_ci AUTO_INCREMENT=1 ;

-- 
-- Dumping data for table `xxreport_groupfavor`
-- 


-- --------------------------------------------------------

-- 
-- Table structure for table `xxreport_groupreport`
-- 

CREATE TABLE `xxreport_groupreport` (
  `xgroupreportid` int(20) unsigned NOT NULL auto_increment,
  `xgroupid` int(20) unsigned NOT NULL,
  `xmainid` int(20) unsigned NOT NULL,
  PRIMARY KEY  (`xgroupreportid`)
) ENGINE=MyISAM  DEFAULT CHARSET=utf8 COLLATE=utf8_persian_ci AUTO_INCREMENT=28 ;

-- 
-- Dumping data for table `xxreport_groupreport`
-- 

INSERT INTO `xxreport_groupreport` (`xgroupreportid`, `xgroupid`, `xmainid`) VALUES 
(18, 9, 2),
(17, 8, 2),
(16, 7, 2),
(15, 6, 2),
(14, 5, 2),
(13, 4, 2),
(12, 3, 2),
(11, 2, 2),
(10, 1, 2),
(19, 1, 3),
(20, 2, 3),
(21, 3, 3),
(22, 4, 3),
(23, 5, 3),
(24, 6, 3),
(25, 7, 3),
(26, 8, 3),
(27, 9, 3);

-- --------------------------------------------------------

-- 
-- Table structure for table `xxreport_main`
-- 

CREATE TABLE `xxreport_main` (
  `xmainid` int(20) unsigned NOT NULL auto_increment,
  `xmain` varchar(256) collate utf8_persian_ci NOT NULL,
  `xsql` text collate utf8_persian_ci NOT NULL,
  `xgroupby` varchar(256) collate utf8_persian_ci default NULL,
  `xfunction` text collate utf8_persian_ci,
  PRIMARY KEY  (`xmainid`)
) ENGINE=MyISAM  DEFAULT CHARSET=utf8 COLLATE=utf8_persian_ci AUTO_INCREMENT=4 ;

-- 
-- Dumping data for table `xxreport_main`
-- 

INSERT INTO `xxreport_main` (`xmainid`, `xmain`, `xsql`, `xgroupby`, `xfunction`) VALUES 
(2, 'List of Projects', 'FROM xxtransport\r\nLEFT JOIN xxtransportcontainer USING (xtransportid)\r\nLEFT JOIN zzcontainer USING (xcontainerid)\r\nNATURAL LEFT JOIN(SELECT xcityid AS xdestinationcityid, xcity AS xdestination FROM xxcity) AS xxdestination', 'xxtransport.xtransportid', ''),
(3, 'List of Bonds', 'FROM xxtransport\r\nNATURAL LEFT JOIN xxcustoms\r\nNATURAL LEFT JOIN xxbondtype\r\nWHERE xinsuranceno IS NOT NULL', '', '');

-- --------------------------------------------------------

-- 
-- Table structure for table `xxreport_showfield`
-- 

CREATE TABLE `xxreport_showfield` (
  `xshowfieldid` int(20) unsigned NOT NULL auto_increment,
  `xmainid` int(20) unsigned NOT NULL,
  `xfield` varchar(256) collate utf8_persian_ci NOT NULL,
  `xname` varchar(256) collate utf8_persian_ci NOT NULL,
  PRIMARY KEY  (`xshowfieldid`)
) ENGINE=MyISAM  DEFAULT CHARSET=utf8 COLLATE=utf8_persian_ci AUTO_INCREMENT=151 ;

-- 
-- Dumping data for table `xxreport_showfield`
-- 

INSERT INTO `xxreport_showfield` (`xshowfieldid`, `xmainid`, `xfield`, `xname`) VALUES 
(6, 2, 'xdestination', 'Destination'),
(5, 2, 'xxtransport.xtransportcode', 'Project No'),
(7, 2, 'xxtransport.xtransportmethod', 'Transport Method'),
(8, 2, 'xxtransport.xlaststatus', 'Last Status'),
(9, 2, 'xxtransport.xrlz', 'RLZ'),
(10, 2, 'xxtransport.xcustoms', 'Custom'),
(11, 2, 'xxtransport.xloading', 'Loading'),
(12, 2, 'xxtransport.xatdarrivalport', 'ATD Arrival Port'),
(13, 2, 'GROUP_CONCAT(CONCAT(xcontainernumber, '': '', xcontainersize))', 'Container'),
(14, 2, 'xxtransport.xarchive', 'Archive'),
(21, 3, 'xxtransport.xtransportcode', 'Project No'),
(16, 3, 'xxcustoms.xreceipt', 'RCVBL ANCMNT'),
(17, 3, 'xxcustoms.xreceiptdate', 'RCVBL ANCMNT Date'),
(15, 3, 'xxcustoms.xinsuranceno', 'Bonds No'),
(19, 3, 'xbondtype', 'Bond Type'),
(20, 3, 'xxtransport.xarchive', 'Archive');

-- --------------------------------------------------------

-- 
-- Table structure for table `xxreport_wherefield`
-- 

CREATE TABLE `xxreport_wherefield` (
  `xwherefieldid` int(20) unsigned NOT NULL auto_increment,
  `xmainid` int(20) unsigned NOT NULL,
  `xfield` varchar(256) collate utf8_persian_ci NOT NULL,
  `xname` varchar(256) collate utf8_persian_ci NOT NULL,
  `xtype` varchar(256) collate utf8_persian_ci NOT NULL,
  PRIMARY KEY  (`xwherefieldid`)
) ENGINE=MyISAM  DEFAULT CHARSET=utf8 COLLATE=utf8_persian_ci AUTO_INCREMENT=111 ;

-- 
-- Dumping data for table `xxreport_wherefield`
-- 

INSERT INTO `xxreport_wherefield` (`xwherefieldid`, `xmainid`, `xfield`, `xname`, `xtype`) VALUES 
(3, 2, 'xxtransport.xtransportcode', 'Project No', 'VARCHAR'),
(4, 2, 'xdestination', 'Destination', 'VARCHAR'),
(5, 2, 'xxtransport.xtransportmethod', 'Transport Method', 'ENUM'),
(6, 2, 'xxtransport.xrlz', 'RLZ', 'DATE'),
(7, 2, 'xxtransport.xcustoms', 'Custom', 'DATE'),
(8, 2, 'xxtransport.xloading', 'Loading', 'DATE'),
(9, 2, 'xxtransport.xatdarrivalport', 'ATD Arrival Port', 'DATE'),
(10, 2, 'xxtransport.xarchive', 'Archive', 'TINYINT'),
(17, 3, 'xxtransport.xtransportcode', 'Project No', 'VARCHAR'),
(12, 3, 'xxcustoms.xreceipt', 'RCVBL ANCMNT', 'ENUM'),
(13, 3, 'xxcustoms.xreceiptdate', 'RCVBL ANCMNT Date', 'DATE'),
(11, 3, 'xxcustoms.xinsuranceno', 'Bonds No', 'TEXT'),
(15, 3, 'xbondtype', 'Bond Type', 'VARCHAR'),
(16, 3, 'xxtransport.xarchive', 'Archive', 'TINYINT');

-- --------------------------------------------------------

-- 
-- Table structure for table `xxsession`
-- 

CREATE TABLE `xxsession` (
  `xsessionid` char(255) collate utf8_persian_ci NOT NULL,
  `xlastupdated` datetime NOT NULL,
  `xdatavalue` text collate utf8_persian_ci,
  PRIMARY KEY  (`xsessionid`),
  KEY `xlastupdated` (`xlastupdated`)
) ENGINE=MyISAM DEFAULT CHARSET=utf8 COLLATE=utf8_persian_ci;

-- 
-- Dumping data for table `xxsession`
-- 

INSERT INTO `xxsession` (`xsessionid`, `xlastupdated`, `xdatavalue`) VALUES 
('41cb13795c99d441aa2665ae0dc87519', '2008-07-12 18:14:48', 'mailinstall|i:1;reportinstall|i:1;UserId|s:4:"inf1";'),
('1a75366250b0799b754a4597ac66ea4e', '2008-07-30 11:13:09', 'mailinstall|i:1;reportinstall|i:1;UserId|s:4:"inf1";');

-- --------------------------------------------------------

-- 
-- Table structure for table `xxstatuscolor`
-- 

CREATE TABLE `xxstatuscolor` (
  `xstatuscolorid` int(20) unsigned NOT NULL auto_increment,
  `xcolorid` int(20) unsigned default NULL,
  `xstatus` varchar(200) collate utf8_persian_ci default NULL,
  PRIMARY KEY  (`xstatuscolorid`)
) ENGINE=MyISAM  DEFAULT CHARSET=utf8 COLLATE=utf8_persian_ci AUTO_INCREMENT=9 ;

-- 
-- Dumping data for table `xxstatuscolor`
-- 

INSERT INTO `xxstatuscolor` (`xstatuscolorid`, `xcolorid`, `xstatus`) VALUES 
(3, 1, 'STOPPED'),
(4, 2, 'DOCS PROBLEM'),
(5, 3, 'INVOICED'),
(6, 5, 'CUSTOM PROBLEM'),
(7, 4, 'done'),
(8, 6, 'waiting for empty cntr return');

-- --------------------------------------------------------

-- 
-- Table structure for table `xxtransport`
-- 

CREATE TABLE `xxtransport` (
  `xtransportid` int(20) unsigned NOT NULL auto_increment,
  `xtransportcode` varchar(30) collate utf8_persian_ci default NULL,
  `xfromcityid` int(20) unsigned default NULL,
  `xtocityid` int(20) unsigned default NULL,
  `xorigincityid` int(20) unsigned default NULL,
  `xdestinationcityid` int(20) unsigned default NULL,
  `xetadestination` date default NULL,
  `xviaportid` int(20) unsigned default NULL,
  `xcarrierid` int(20) unsigned default NULL,
  `xarrivalportid` int(20) unsigned default NULL,
  `xetaarrivalport` date default NULL,
  `xtransporttype` enum('Transit','Import','Export') collate utf8_persian_ci default NULL,
  `xtransportmethod` set('Truck','Rail','Sea','Air') collate utf8_persian_ci default NULL,
  `xsenderofficeid` int(20) default NULL,
  `xreceiverofficeid` int(20) default NULL,
  `xshipperid` int(20) unsigned default NULL,
  `xconsigneeid` int(20) unsigned default NULL,
  `xetl` date default NULL,
  `xtransportcomment` text collate utf8_persian_ci,
  `xqt` varchar(128) collate utf8_persian_ci default NULL,
  `xep` varchar(128) collate utf8_persian_ci default NULL,
  `xataarrivalport` date default NULL,
  `xdo` date default NULL,
  `xrlz` date default NULL,
  `xcustoms` date default NULL,
  `xloading` date default NULL,
  `xpenalty` enum('Yes','No') collate utf8_persian_ci default NULL,
  `xatdarrivalport` date default NULL,
  `xetaexitport` date default NULL,
  `xatdexitport` date default NULL,
  `xatddestination` date default NULL,
  `xoperationcomment` text collate utf8_persian_ci,
  `xlaststatus` text collate utf8_persian_ci,
  `xtransportdocumentfinished` tinyint(1) NOT NULL default '0',
  `xcargodocumentfinished` tinyint(1) NOT NULL default '0',
  `xaccountingfinished` tinyint(1) NOT NULL default '0',
  `xcustomsfinished` tinyint(1) NOT NULL default '0',
  `xoperationfinished` tinyint(1) NOT NULL default '0',
  `xdocumentationfinished` tinyint(1) NOT NULL default '0',
  `xarchive` tinyint(1) NOT NULL default '0',
  PRIMARY KEY  (`xtransportid`)
) ENGINE=MyISAM  DEFAULT CHARSET=utf8 COLLATE=utf8_persian_ci AUTO_INCREMENT=114 ;

-- 
-- Dumping data for table `xxtransport`
-- 

INSERT INTO `xxtransport` (`xtransportid`, `xtransportcode`, `xfromcityid`, `xtocityid`, `xorigincityid`, `xdestinationcityid`, `xetadestination`, `xviaportid`, `xcarrierid`, `xarrivalportid`, `xetaarrivalport`, `xtransporttype`, `xtransportmethod`, `xsenderofficeid`, `xreceiverofficeid`, `xshipperid`, `xconsigneeid`, `xetl`, `xtransportcomment`, `xqt`, `xep`, `xataarrivalport`, `xdo`, `xrlz`, `xcustoms`, `xloading`, `xpenalty`, `xatdarrivalport`, `xetaexitport`, `xatdexitport`, `xatddestination`, `xoperationcomment`, `xlaststatus`, `xtransportdocumentfinished`, `xcargodocumentfinished`, `xaccountingfinished`, `xcustomsfinished`, `xoperationfinished`, `xdocumentationfinished`, `xarchive`) VALUES 
(9, 'GT/182', 16, 4, 3, 4, NULL, 2, 1, 2, '2007-10-10', 'Transit', 'Rail', NULL, NULL, 4, 4, NULL, 'ready for loading from 14.10.2007/waiting for payment', '', '', '2007-10-08', '2007-10-08', '2007-10-10', '2007-10-14', '2007-10-27', 'No', '2007-10-27', '2007-11-07', '2007-11-12', NULL, 'waiting for railway payments from 14.10.2007/.\r\nReady for loading from Oct. 14  dispatched B. Abbas on 2007-10-27', 'dispached sarakhs border waiting for russian platform number', 0, 1, 0, 0, 1, 1, 0),
(10, 'GLI/032/07', 16, 6, 5, 6, NULL, 2, 3, 2, '2007-10-12', 'Import', 'Truck', NULL, NULL, 8, 7, NULL, 'reached Babbas on 15.10.2007/waiting for payment ', '', '', '2007-10-13', '2007-10-14', '2007-10-24', NULL, NULL, 'No', NULL, NULL, NULL, NULL, 'import/ waiting for DO payment from 15.10.2007/.', 'reached destination', 0, 1, 0, 0, 1, 1, 1),
(11, 'GLI/035/07', 16, 6, 5, 6, NULL, 2, 3, 2, '2007-10-12', 'Import', 'Truck', NULL, NULL, 6, 7, NULL, 'reached Babbas on 16.10.2007', '', '', '2007-10-13', '2007-10-14', '2007-10-24', NULL, NULL, 'No', NULL, NULL, NULL, NULL, 'import/cargo do not release /waiting for payment (20.10.2007)/.', 'reached destination', 0, 1, 0, 0, 1, 1, 1),
(14, 'GT/187', 16, 4, 1, 4, NULL, 2, 5, 2, '2007-10-16', 'Transit', 'Rail', NULL, NULL, 9, 10, NULL, '', '', '', '2007-10-16', '2007-10-17', '2007-10-18', '2007-10-30', '2007-11-08', 'No', '2007-11-09', '2007-11-19', '2007-11-19', NULL, 'B.Abbas agent not received clear docs yet(20.10.2007) / we are waiting from customer for clear docs (note: today is sun day!(21.10.2007))\r\nwaiting for clear docs from customer(2007-10-21)\r\n', 'dispatched Sarakhs border\r\nwaiting for Russian platform number', 0, 1, 0, 0, 1, 1, 0),
(15, 'LLC/34', 16, 8, 9, 8, NULL, 5, 7, 2, '2007-10-22', 'Transit', 'Truck', NULL, NULL, 11, 12, NULL, '5 container will be re stuff into 7 truck', NULL, NULL, '2007-10-21', '2007-10-24', '2007-11-04', '2007-11-07', '2007-11-11', 'No', NULL, '2007-11-15', NULL, NULL, 'ref/ will re stuff to truck \r\nwaiting for cargo to arrive to Iran (2007-10-20)\r\nWaiting for Original BL from Shipper. (2007-10-28)\r\noriginal BL arrived on (2007-11-3)', '5 container will be re stuff into 7 trucks ', 0, 1, 0, 0, 0, 1, 0),
(18, 'GT/188', 16, 11, 10, 11, '2007-12-20', 2, 7, 2, '2007-11-10', 'Transit', 'Truck', NULL, NULL, 14, 7, NULL, '', '', '', '2007-11-13', '2007-11-14', '2007-11-18', '2007-11-26', '2007-11-29', 'No', '2007-11-29', '2007-12-03', '2007-12-08', NULL, '', 'reached destination', 0, 1, 0, 0, 1, 1, 0),
(22, 'LLC/36', 17, 8, 17, 8, NULL, 3, 2, NULL, NULL, 'Export', 'Truck', NULL, NULL, 7, 7, NULL, '', '', '', NULL, NULL, NULL, NULL, NULL, 'Yes', NULL, NULL, NULL, '2007-11-14', 'stayed at Sarakhs border', 'reached destination\r\n', 0, 1, 0, 1, 1, 1, 1),
(25, 'LLC/25', 21, 22, 23, 7, NULL, 2, 7, 3, '2007-11-03', 'Transit', 'Truck,Sea', NULL, NULL, 21, 22, NULL, '', '', '', '2007-11-02', NULL, NULL, NULL, NULL, 'Yes', NULL, NULL, NULL, NULL, 'handed to the shipping line', 'reached destination', 1, 1, 0, 1, 1, 1, 1),
(28, 'LLC/38', 23, 22, 23, 22, NULL, 2, 7, 3, NULL, 'Transit', 'Truck,Sea', NULL, NULL, 21, 22, NULL, '', '', '', '2007-11-10', NULL, NULL, NULL, NULL, 'No', NULL, NULL, NULL, NULL, '', 'reached destination', 1, 1, 0, 1, 1, 1, 0),
(34, 'GT/201', 16, 12, 24, 12, '2008-01-04', 3, 38, 2, NULL, 'Transit', 'Truck', NULL, NULL, 23, 24, NULL, '      cargo shipped on board on 16.11.2007\r\n               on the way to Iran .', '', '', '2007-11-24', '2007-11-26', '2007-11-26', NULL, '2007-12-22', 'No', '2007-12-22', '2007-12-31', '2007-12-31', NULL, ' cargo shipped on board on 16.11.2007\r\n               on the way to Iran .', 'on the way to destination', 0, 1, 0, 0, 0, 1, 0),
(36, 'GT/202', 16, 4, 1, 4, NULL, 2, 1, 2, '2007-10-28', 'Transit', 'Rail', NULL, NULL, 19, 19, NULL, '', '', '', '2007-11-27', '2007-11-28', '2007-11-28', '2007-12-02', '2007-12-09', 'Yes', '2007-12-09', '2007-12-15', NULL, NULL, '', 'waiting for Russian platform', 0, 1, 0, 0, 1, 1, 0),
(53, 'GT/004', 16, 4, 1, 4, NULL, 3, 5, 2, '2008-01-11', 'Transit', 'Rail', NULL, NULL, 40, 49, NULL, '', '', '', '2008-01-12', NULL, '2008-01-14', '2008-01-21', '2008-01-25', 'No', '2008-01-25', '2008-02-05', NULL, NULL, 'under inspection', 'dispatched Sarakhs border', 0, 1, 1, 1, 1, 1, 0),
(108, 'GLI/41/08', 50, 18, 50, 18, NULL, 4, 71, 4, '2008-04-22', 'Import', 'Air', NULL, NULL, 97, 7, NULL, '', '', '', '2008-04-22', NULL, NULL, NULL, NULL, 'Yes', NULL, NULL, NULL, NULL, '', 'stoped by Mr Ashrafi', 0, 0, 0, 0, 1, 0, 1),
(111, 'GT/052/08', 55, 16, 48, 54, NULL, 2, 68, 1, '2008-05-17', 'Transit', 'Truck', NULL, NULL, 100, 7, NULL, '', '1100USD', '', NULL, NULL, NULL, NULL, NULL, 'Yes', NULL, NULL, NULL, NULL, '', 'cancelled', 0, 0, 0, 0, 1, 0, 1);

-- --------------------------------------------------------

-- 
-- Table structure for table `xxtransportcargo`
-- 

CREATE TABLE `xxtransportcargo` (
  `xtransportcargoid` int(20) unsigned NOT NULL auto_increment,
  `xtransportcontainerid` int(20) unsigned default NULL,
  `xcommodity` varchar(200) collate utf8_persian_ci default NULL,
  `xcargokind` enum('Normal','Traffic') collate utf8_persian_ci NOT NULL default 'Normal',
  `xcargosize` enum('Inguage','OutOfGuage') collate utf8_persian_ci NOT NULL default 'Inguage',
  `xcargodanger` enum('Normal','Dangerous') collate utf8_persian_ci NOT NULL default 'Normal',
  `ximo` int(2) default NULL,
  `xcargoweight` int(20) NOT NULL default '0',
  `xcargovolume` int(20) NOT NULL default '0',
  `xcargodescription` text collate utf8_persian_ci,
  `xpackagetypeid` int(20) default NULL,
  `xpackagenumber` int(20) default NULL,
  PRIMARY KEY  (`xtransportcargoid`)
) ENGINE=MyISAM  DEFAULT CHARSET=utf8 COLLATE=utf8_persian_ci AUTO_INCREMENT=227 ;

-- 
-- Dumping data for table `xxtransportcargo`
-- 

INSERT INTO `xxtransportcargo` (`xtransportcargoid`, `xtransportcontainerid`, `xcommodity`, `xcargokind`, `xcargosize`, `xcargodanger`, `ximo`, `xcargoweight`, `xcargovolume`, `xcargodescription`, `xpackagetypeid`, `xpackagenumber`) VALUES 
(1, 1, '', 'Normal', 'Inguage', 'Normal', 1, 0, 0, '', 1, 100),
(2, 2, 'support', 'Normal', 'Inguage', 'Normal', 125, 2800, 0, '', 1, 0),
(4, 12, 'vehicle', 'Normal', 'Inguage', 'Normal', 0, 12000, 0, '3toyota camy - 1mercedes benz', 5, 4),
(14, 44, 'various goods', 'Normal', 'Inguage', 'Normal', 0, 7274, 57, '', 1, 895),
(12, 42, 'furniture', 'Normal', 'Inguage', 'Normal', 0, 2880, 54, '', 5, 36),
(13, 43, 'furniture', 'Normal', 'Inguage', 'Normal', 0, 3960, 44, '', 5, 218),
(15, 45, 'various goods', 'Normal', 'Inguage', 'Normal', 0, 7150, 57, '', 1, 880),
(16, 46, 'various goods', 'Normal', 'Inguage', 'Normal', 0, 4590, 22, '', 1, 334),
(17, 47, 'various goods', 'Normal', 'Inguage', 'Normal', 0, 4590, 22, '', 1, 334),
(18, 48, 'various goods', 'Normal', 'Inguage', 'Normal', 0, 3576, 28, '', 1, 440),
(19, 49, 'steel cabinets', 'Normal', 'Inguage', 'Normal', 0, 9632, 0, '', 6, 280),
(20, 50, 'frozen meat', 'Normal', 'Inguage', 'Normal', 0, 27000, 0, '', 6, 1350),
(21, 51, 'frozen meat', 'Normal', 'Inguage', 'Normal', 0, 27000, 0, '', 6, 1350),
(22, 52, 'frozen meat', 'Normal', 'Inguage', 'Normal', 0, 27010, 0, '', 6, 1148),
(23, 53, 'frozen meat', 'Normal', 'Inguage', 'Normal', 0, 27000, 0, '', 6, 1080),
(24, 54, 'frozen meat', 'Normal', 'Inguage', 'Normal', 0, 27000, 0, '', 6, 1080),
(32, 57, 'ceramic tiles', 'Normal', 'Inguage', 'Normal', 0, 23296, 14, '', 1, 1216),
(31, 56, 'ceramic tiles', 'Normal', 'Inguage', 'Normal', 0, 23296, 14, '', 1, 1216),
(33, 58, '', 'Normal', 'Inguage', 'Normal', 0, 23296, 14, '', 1, 1216),
(34, 58, 'ceramic tiles', 'Normal', 'Inguage', 'Normal', 0, 0, 0, '', 1, 0),
(35, 59, 'ceramic tiles', 'Normal', 'Inguage', 'Normal', 0, 23296, 14, '', 1, 1216),
(36, 60, 'ceramic tiles', 'Normal', 'Inguage', 'Normal', 0, 23296, 14, '', 1, 1216),
(37, 61, 'ceramic tiles', 'Normal', 'Inguage', 'Normal', 0, 23296, 14, '', 1, 1216),
(38, 62, 'ceramic tiles', 'Normal', 'Inguage', 'Normal', 0, 23296, 14, '', 1, 1216),
(39, 63, 'ceramic tiles', 'Normal', 'Inguage', 'Normal', 0, 23296, 14, '', 1, 1216),
(40, 64, 'ceramic tiles', 'Normal', 'Inguage', 'Normal', 0, 23016, 15, '', 1, 1100),
(41, 65, 'ceramic tiles', 'Normal', 'Inguage', 'Normal', 0, 23016, 15, '', 1, 1100),
(42, 66, 'ceramic tiles', 'Normal', 'Inguage', 'Normal', 0, 23296, 14, '', 1, 1216),
(43, 67, 'ceramic tiles', 'Normal', 'Inguage', 'Normal', 0, 23296, 14, '', 1, 1216),
(44, 68, 'ceramic tiles', 'Normal', 'Inguage', 'Normal', 0, 21110, 13, '', 1, 1152),
(46, 70, 'ceramic tiles', 'Normal', 'Inguage', 'Normal', 0, 23296, 14, '', 1, 1216),
(47, 71, 'ceramic tiles', 'Normal', 'Inguage', 'Normal', 0, 23296, 14, '', 1, 1216),
(48, 72, 'ceramic tiles', 'Normal', 'Inguage', 'Normal', 0, 22689, 14, '', 1, 1160),
(49, 73, 'Malathion techn 95% min', 'Normal', 'Inguage', 'Dangerous', 6, 21440, 20, 'UN: 3018', 7, 80),
(50, 74, 'Steel pipes', 'Normal', 'Inguage', 'Normal', 0, 18129, 0, '', 8, 188),
(51, 75, 'Steel pipes', 'Normal', 'Inguage', 'Normal', 0, 15700, 0, '', 8, 51),
(52, 76, 'Steel pipes', 'Normal', 'Inguage', 'Normal', 0, 15640, 0, '', 8, 65),
(53, 77, 'MDF furniture', 'Normal', 'Inguage', 'Normal', 0, 25579, 68, '', 6, 1171),
(54, 78, 'car', 'Normal', 'Inguage', 'Normal', 0, 6000, 0, '', 5, 4),
(55, 79, 'oil', 'Normal', 'Inguage', 'Normal', 0, 22330, 0, '', 9, 110),
(56, 80, 'herbal medicine & promotional material', 'Normal', 'Inguage', 'Normal', 0, 10686, 0, '', 6, 1841),
(57, 81, 'frozen meat', 'Normal', 'Inguage', 'Normal', 0, 27000, 0, '', 6, 1080),
(58, 82, 'frozen meat', 'Normal', 'Inguage', 'Normal', 0, 27000, 0, '', 6, 1080),
(59, 83, 'frozen meat', 'Normal', 'Inguage', 'Normal', 0, 27000, 0, '', 6, 1150),
(60, 84, 'frozen meat', 'Normal', 'Inguage', 'Normal', 0, 27000, 0, '', 6, 1350),
(61, 85, 'frozen meat', 'Normal', 'Inguage', 'Normal', 0, 27000, 0, '', 6, 1350),
(62, 86, 'industrial oil', 'Normal', 'Inguage', 'Normal', 0, 22330, 0, '', 9, 110),
(63, 87, 'frozen meat', 'Normal', 'Inguage', 'Normal', 0, 139672, 190, 'Re-Stuffing from 5x40'' to 7 x tilt trucks', 6, 6008),
(64, 88, 'construction materials', 'Normal', 'Inguage', 'Dangerous', 8, 18094, 0, '', 10, 1195),
(65, 89, 'pipe', 'Normal', 'Inguage', 'Normal', 0, 2367, 0, '', 8, 234),
(68, 93, 'Herbion', 'Normal', 'Inguage', 'Normal', 0, 8658, 0, '', 6, 1099),
(69, 94, 'Pharmaceuticals', 'Normal', 'Inguage', 'Normal', 0, 16159, 0, '', 10, 849),
(71, NULL, 'HERBAL MEDICINE,PROMOTIONAL MATERIAL', 'Normal', 'Inguage', 'Normal', 0, 18370, 0, '', 4, 2027),
(72, NULL, 'HERBAL MEDICINE,PROMOTIONAL MATERIAL', 'Normal', 'Inguage', 'Normal', 0, 18370, 0, '', 4, 2027),
(73, NULL, 'HERBAL MEDICINE,PROMOTIONAL MATERIAL', 'Normal', 'Inguage', 'Normal', 0, 18370, 0, '', 4, 2027),
(74, NULL, 'HERBAL MEDICINE,PROMOTIONAL MATERIAL', 'Normal', 'Inguage', 'Normal', 0, 18370, 0, '', 4, 2027),
(75, NULL, 'HERBAL MEDICINE,PROMOTIONAL MATERIAL', 'Normal', 'Inguage', 'Normal', 0, 18370, 0, '', 4, 2027),
(76, NULL, 'Herbion', 'Normal', 'Inguage', 'Normal', 0, 18370, 0, '', 6, 2027),
(77, NULL, 'Herbion', 'Normal', 'Inguage', 'Normal', 0, 18370, 0, '', 6, 2027),
(78, NULL, 'Herbion', 'Normal', 'Inguage', 'Normal', 0, 432, 0, '', 9, 234),
(79, NULL, 'jjj', 'Normal', 'Inguage', 'Normal', 0, 1111, 0, '', 9, 100),
(89, 107, 'car', 'Normal', 'Inguage', 'Normal', 0, 7500, 0, '', 11, 3),
(88, 106, 'car', 'Normal', 'Inguage', 'Normal', 0, 8100, 0, '', 11, 3),
(82, NULL, 'jhjh', 'Normal', 'Inguage', 'Normal', 0, 1500, 0, '', 9, 1111),
(83, 99, 'HERBAL MEDICINE,PROMOTIONAL MATERIAL', 'Normal', 'Inguage', 'Normal', 0, 18370, 0, '  ', 4, 2027),
(90, 108, 'makita', 'Normal', 'Inguage', 'Normal', 0, 14999, 0, '', 6, 967),
(91, 109, 'iron sluice gate', 'Normal', 'Inguage', 'Normal', 0, 7686, 0, '', 12, 9),
(92, 110, 'car', 'Normal', 'Inguage', 'Normal', 0, 10000, 0, '', 11, 4),
(93, 111, 'expandasle polystyrene', 'Normal', 'Inguage', 'Dangerous', 0, 17136, 28, '', 13, 680),
(94, 112, 'Air cooled chiller', 'Normal', 'Inguage', 'Normal', 0, 6736, 0, '', 5, 1),
(95, 113, 'used auto parts', 'Normal', 'Inguage', 'Normal', 0, 9120, 0, '', 8, 162),
(96, 114, 'Tetra fino aseptic 1000 ml', 'Normal', 'Inguage', 'Normal', 0, 8594, 0, '', 1, 7),
(97, 115, 'construction materials', 'Normal', 'Inguage', 'Normal', 0, 16663, 0, '', 10, 1332),
(98, 116, 'used auto parts', 'Normal', 'Inguage', 'Normal', 0, 18550, 0, '', 10, 69),
(99, 117, 'cylinders', 'Normal', 'Inguage', 'Normal', 0, 18228, 0, '', 5, 280),
(100, 118, 'cylinders', 'Normal', 'Inguage', 'Normal', 0, 16478, 0, '', 5, 230),
(101, 119, 'cylinders', 'Normal', 'Inguage', 'Normal', 0, 16478, 0, '', 5, 230),
(102, 120, 'FFS machine', 'Normal', 'Inguage', 'Normal', 0, 4750, 0, '', 5, 1),
(103, 121, 'car', 'Normal', 'Inguage', 'Normal', 0, 2110, 0, '', 11, 1),
(104, 122, 'car, computer, monitor, engine, tyre', 'Normal', 'Inguage', 'Normal', 0, 7700, 0, '', 10, 908),
(105, 123, 'house hold', 'Normal', 'Inguage', 'Normal', 0, 8630, 0, '', 10, 153),
(106, 124, 'used auto parts', 'Normal', 'Inguage', 'Normal', 0, 15000, 0, '', 10, 137),
(107, 125, 'coldact lorpills', 'Normal', 'Inguage', 'Normal', 0, 6302, 0, '', 10, 1426),
(108, 126, 'coldact lorpills', 'Normal', 'Inguage', 'Normal', 0, 5354, 0, '', 10, 1243),
(109, 127, 'makita', 'Normal', 'Inguage', 'Normal', 0, 12946, 0, '', 10, 839),
(110, 128, 'makita', 'Normal', 'Inguage', 'Normal', 0, 17575, 0, '', 10, 976),
(111, 129, 'Pharmaceuticals', 'Normal', 'Inguage', 'Normal', 0, 5422, 0, '', 10, 1257),
(112, 130, 'hydraulic excavator', 'Normal', 'Inguage', 'Normal', 0, 22300, 0, '', 11, 1),
(113, 131, 'medicine', 'Normal', 'Inguage', 'Normal', 0, 19437, 0, '', 6, 887),
(114, 132, 'Pharmaceuticals', 'Normal', 'Inguage', 'Normal', 0, 5094, 0, '', 10, 1183),
(115, 133, 'home furniture', 'Normal', 'Inguage', 'Normal', 0, 24080, 0, '', 6, 520),
(116, 134, 'home furniture', 'Normal', 'Inguage', 'Normal', 0, 25284, 0, '', 6, 546),
(117, 135, 'home furniture', 'Normal', 'Inguage', 'Normal', 0, 25284, 0, '', 6, 546),
(118, 136, 'furniture', 'Normal', 'Inguage', 'Normal', 0, 25600, 0, '', 6, 672),
(119, 137, 'soda ash light', 'Normal', 'Inguage', 'Normal', 0, 18180, 0, '', 13, 360),
(120, 138, 'metacon(processed china clay)', 'Normal', 'Inguage', 'Normal', 0, 16102, 0, '', 13, 640),
(121, 139, 'masterflex', 'Normal', 'Inguage', 'Normal', 0, 19625, 0, '', 10, 500),
(122, 140, 'soda ash light', 'Normal', 'Inguage', 'Normal', 0, 18180, 0, '', 13, 360),
(123, 141, 'basf construction chemicals', 'Normal', 'Inguage', 'Dangerous', 0, 14693, 0, '', 10, 202),
(124, 142, 'basf construction chemicals', 'Normal', 'Inguage', 'Normal', 0, 13713, 0, '', 10, 390),
(125, 143, 'mastertop', 'Normal', 'Inguage', 'Normal', 0, 20080, 0, '', 13, 800),
(126, 144, 'mastertop', 'Normal', 'Inguage', 'Normal', 0, 19955, 0, '', 13, 795),
(127, 145, 'air chiller unit', 'Normal', 'Inguage', 'Normal', 0, 6736, 44, '', 10, 1),
(128, 146, 'basf construction chemicals', 'Normal', 'Inguage', 'Dangerous', 0, 13884, 0, '', 10, 3420),
(129, 147, 'basf construction chemicals', 'Normal', 'Inguage', 'Dangerous', 0, 7735, 0, '', 10, 1300),
(130, 148, 'medicine', 'Normal', 'Inguage', 'Normal', 0, 18828, 0, '', 6, 1408),
(131, 149, 'Samand car', 'Normal', 'Inguage', 'Normal', 0, 4320, 0, '', 11, 6),
(132, 150, 'tv', 'Normal', 'Inguage', 'Normal', 0, 400, 0, '', 1, 20),
(133, 150, 'equipment', 'Normal', 'Inguage', 'Normal', 0, 140, 0, '', 6, 14),
(134, 151, 'ceramic', 'Normal', 'Inguage', 'Normal', 0, 20000, 0, '', 4, 20),
(135, 152, 'oil', 'Normal', 'Inguage', 'Normal', 0, 6000, 0, '', 7, 300),
(136, 153, 'premix vitamin', 'Normal', 'Inguage', 'Normal', 0, 12967, 0, '', 6, 494),
(137, 154, 'Pharmaceuticals', 'Normal', 'Inguage', 'Normal', 0, 14352, 0, '', 6, 957),
(138, 155, 'auto spare parts', 'Normal', 'Inguage', 'Normal', 0, 19000, 0, '', 10, 299),
(139, 156, 'construction materials', 'Normal', 'Inguage', 'Dangerous', 0, 18560, 0, '', 10, 640),
(140, 157, 'home furniture', 'Normal', 'Inguage', 'Normal', 0, 6743, 0, '', 10, 162),
(141, 158, 'ablution', 'Normal', 'Inguage', 'Normal', 0, 4850, 0, '', 11, 1),
(142, 159, 'children toys & gift items', 'Normal', 'Inguage', 'Normal', 0, 16885, 0, '', 8, 6257),
(143, 160, 'construction materials', 'Normal', 'Inguage', 'Dangerous', 0, 9312, 0, '', 10, 3200),
(145, 161, 'basf construction chemicals', 'Normal', 'Inguage', 'Dangerous', 0, 18624, 0, '', 10, 6400),
(146, 163, 'basf construction chemicals', 'Normal', 'Inguage', 'Normal', 0, 16344, 0, '', 7, 72),
(147, 164, 'basf construction chemicals', 'Normal', 'Inguage', 'Normal', 0, 16344, 0, '', 7, 72),
(148, 165, 'trailer', 'Normal', 'Inguage', 'Normal', 0, 220000, 0, '', 11, 11),
(149, 166, 'trailer', 'Normal', 'Inguage', 'Normal', 0, 220000, 0, '', 11, 11),
(150, 167, 'basf construction chemicals', 'Normal', 'Inguage', 'Dangerous', 0, 10100, 0, '', 7, 721),
(151, 168, 'scaffolding board', 'Normal', 'Inguage', 'Normal', 0, 16290, 0, '', 8, 900),
(152, 169, 'scaffolding board', 'Normal', 'Inguage', 'Normal', 0, 16290, 0, '', 8, 900),
(153, 170, 'scaffolding board', 'Normal', 'Inguage', 'Normal', 0, 16290, 0, '', 8, 900),
(154, 171, 'scaffolding board', 'Normal', 'Inguage', 'Normal', 0, 16290, 0, '', 8, 900),
(155, 172, 'scaffolding board', 'Normal', 'Inguage', 'Normal', 0, 16290, 0, '', 8, 900),
(156, 173, 'scaffolding board', 'Normal', 'Inguage', 'Normal', 0, 16290, 0, '', 8, 900),
(157, 174, 'scaffolding board', 'Normal', 'Inguage', 'Normal', 0, 16290, 0, '', 8, 900),
(158, 175, 'tea', 'Normal', 'Inguage', 'Normal', 0, 5630, 0, '', 6, 516),
(159, 176, 'scaffolding board', 'Normal', 'Inguage', 'Normal', 0, 16290, 0, '', 8, 900),
(160, 177, 'scaffolding board', 'Normal', 'Inguage', 'Normal', 0, 16290, 0, '', 8, 900),
(161, 178, 'construction materials', 'Normal', 'Inguage', 'Normal', 0, 16344, 0, '', 10, 72),
(162, 179, 'construction materials', 'Normal', 'Inguage', 'Normal', 0, 16344, 0, '', 10, 72),
(163, 180, 'construction materials', 'Normal', 'Inguage', 'Normal', 0, 16344, 0, '', 10, 72),
(164, 181, 'construction materials', 'Normal', 'Inguage', 'Normal', 0, 16344, 0, '', 10, 72),
(165, 182, 'NEOTEC', 'Normal', 'Inguage', 'Normal', 0, 4383, 0, '', 6, 860),
(166, 183, 'watson marlow peristaltic pumps', 'Normal', 'Inguage', 'Normal', 0, 80, 0, '', 1, 1),
(167, 184, 'fiberglas yarn', 'Normal', 'Inguage', 'Normal', 0, 15772, 0, '', 4, 44),
(168, 185, 'tile', 'Normal', 'Inguage', 'Normal', 0, 67, 0, '', 13, 3),
(169, 186, 'oil products', 'Normal', 'Inguage', 'Normal', 0, 16548, 0, '', 10, 80),
(170, 187, 'oil products', 'Normal', 'Inguage', 'Normal', 0, 16548, 0, '', 10, 80),
(171, 188, 'oil products', 'Normal', 'Inguage', 'Normal', 0, 16548, 0, '', 10, 80),
(172, 189, 'oil products', 'Normal', 'Inguage', 'Normal', 0, 16548, 0, '', 10, 80),
(173, 190, 'oil products', 'Normal', 'Inguage', 'Normal', 0, 16548, 0, '', 10, 80),
(174, 191, 'oil products', 'Normal', 'Inguage', 'Normal', 0, 16548, 0, '', 10, 80),
(175, 192, 'oil products', 'Normal', 'Inguage', 'Normal', 0, 16548, 0, '', 10, 80),
(176, 193, 'oil products', 'Normal', 'Inguage', 'Normal', 0, 16548, 0, '', 10, 80),
(177, 194, 'oil products', 'Normal', 'Inguage', 'Normal', 0, 16548, 0, '', 10, 80),
(178, 195, 'oil products', 'Normal', 'Inguage', 'Normal', 0, 16548, 0, '', 10, 80),
(179, 196, 'drill pipe', 'Normal', 'Inguage', 'Normal', 0, 20741, 0, '', 11, 59),
(180, 197, 'drill pipe', 'Normal', 'Inguage', 'Normal', 0, 22850, 0, '', 11, 65),
(181, 198, 'scaffolding board', 'Normal', 'Inguage', 'Normal', 0, 15982, 0, '', 8, 610),
(182, 199, 'scaffolding board', 'Normal', 'Inguage', 'Normal', 0, 15982, 0, '', 8, 610),
(183, 200, 'scaffolding board', 'Normal', 'Inguage', 'Normal', 0, 15982, 0, '', 8, 610),
(184, 201, 'scaffolding board', 'Normal', 'Inguage', 'Normal', 0, 15982, 0, '', 8, 610),
(185, 202, 'scaffolding board', 'Normal', 'Inguage', 'Normal', 0, 15982, 0, '', 8, 610),
(186, 203, 'scaffolding board', 'Normal', 'Inguage', 'Normal', 0, 15982, 0, '', 8, 610),
(187, 204, 'scaffolding board', 'Normal', 'Inguage', 'Normal', 0, 15982, 0, '', 10, 610),
(188, 205, 'scaffolding board', 'Normal', 'Inguage', 'Normal', 0, 15982, 0, '', 8, 610),
(189, 206, 'scaffolding board', 'Normal', 'Inguage', 'Normal', 0, 16290, 0, '', 10, 900),
(190, 207, 'scaffolding board', 'Normal', 'Inguage', 'Normal', 0, 16290, 0, '', 10, 900),
(191, 208, 'scaffolding board', 'Normal', 'Inguage', 'Normal', 0, 16290, 0, '', 10, 900),
(192, 209, 'scaffolding board', 'Normal', 'Inguage', 'Normal', 0, 16290, 0, '', 10, 900),
(193, 210, 'scaffolding board', 'Normal', 'Inguage', 'Normal', 0, 16290, 0, '', 10, 900),
(194, 211, 'scaffolding board', 'Normal', 'Inguage', 'Normal', 0, 16290, 0, '', 10, 900),
(195, 212, 'assorted flavors, fragrances and food colours', 'Normal', 'Inguage', 'Normal', 0, 14950, 0, '', 10, 457),
(196, 213, 'house hold', 'Normal', 'Inguage', 'Normal', 0, 4240, 0, '', 10, 59),
(197, 214, 'scaffolding board', 'Normal', 'Inguage', 'Normal', 0, 15982, 0, '', 10, 610),
(198, 215, 'scaffolding board', 'Normal', 'Inguage', 'Normal', 0, 16290, 0, '', 10, 900),
(199, 216, 'scaffolding board', 'Normal', 'Inguage', 'Normal', 0, 15982, 0, '', 10, 610),
(200, 217, 'scaffolding board', 'Normal', 'Inguage', 'Normal', 0, 15982, 0, '', 10, 610),
(201, 218, 'scaffolding board', 'Normal', 'Inguage', 'Normal', 0, 15982, 0, '', 10, 610),
(202, 219, 'scaffolding board', 'Normal', 'Inguage', 'Normal', 0, 15982, 0, '', 10, 610),
(203, 220, 'scaffolding board', 'Normal', 'Inguage', 'Normal', 0, 16290, 0, '', 10, 900),
(204, 221, 'scaffolding board', 'Normal', 'Inguage', 'Normal', 0, 16290, 0, '', 10, 900),
(205, 222, 'scaffolding board', 'Normal', 'Inguage', 'Normal', 0, 14184, 0, '', 10, 13070),
(206, 223, 'scaffolding board', 'Normal', 'Inguage', 'Normal', 0, 16290, 0, '', 10, 900),
(207, 224, 'Herbion', 'Normal', 'Inguage', 'Normal', 0, 13606, 0, '', 6, 1441),
(208, 225, 'oil field equipment', 'Normal', 'Inguage', 'Normal', 0, 8801, 0, '', 10, 22),
(209, 227, 'oil field equipment', 'Normal', 'Inguage', 'Normal', 0, 8801, 0, '', 10, 22),
(213, 228, 'HEATER&TERMO COUPLE 3 WIRE', 'Normal', 'Inguage', 'Normal', 0, 12, 0, 'HEATER&TERMO COUPLE 3 WIRE', 11, 1),
(215, 230, 'MIL CLEAR FILM', 'Normal', 'Inguage', 'Normal', 0, 66, 0, 'MIL CLEAR FILM', 1, 1),
(216, 231, 'SONICATOR UITRASONIC PROCESSOR SYSTEM SONABOX ACOUSTIC ENCLOUSURE', 'Normal', 'Inguage', 'Normal', 0, 34, 0, '', 6, 3),
(217, 232, 'SECURITY EQUIPMENT-NON HAZ', 'Normal', 'Inguage', 'Normal', 0, 662, 0, '', 4, 3),
(218, 235, 'scaffolding board', 'Normal', 'Inguage', 'Normal', 0, 16290, 0, '', 8, 900),
(219, 236, 'scaffolding board', 'Normal', 'Inguage', 'Normal', 0, 16290, 0, '', 8, 900),
(220, 238, 'scaffolding board', 'Normal', 'Inguage', 'Normal', 0, 16290, 0, '', 8, 900),
(222, 241, 'scaffolding board', 'Normal', 'Inguage', 'Normal', 0, 16290, 0, '', 8, 900),
(223, 242, 'scaffolding board', 'Normal', 'Inguage', 'Normal', 0, 16290, 0, '', 13, 900),
(224, 243, 'scaffolding board', 'Normal', 'Inguage', 'Normal', 0, 16290, 0, '', 8, 900),
(225, 244, 'scaffolding board', 'Normal', 'Inguage', 'Normal', 0, 16290, 0, '', 8, 900),
(226, 245, 'scaffolding board', 'Normal', 'Inguage', 'Normal', 0, 10860, 0, '', 8, 600);

-- --------------------------------------------------------

-- 
-- Table structure for table `xxtransportcomment`
-- 

CREATE TABLE `xxtransportcomment` (
  `xtransportcommentid` int(20) unsigned NOT NULL auto_increment,
  `xtransportid` int(20) unsigned NOT NULL,
  `xtransportcomment` text collate utf8_persian_ci NOT NULL,
  `xcommenttype` enum('Transportdoc','Cargodoc') collate utf8_persian_ci default NULL,
  PRIMARY KEY  (`xtransportcommentid`)
) ENGINE=MyISAM  DEFAULT CHARSET=utf8 COLLATE=utf8_persian_ci AUTO_INCREMENT=160 ;

-- 
-- Dumping data for table `xxtransportcomment`
-- 

INSERT INTO `xxtransportcomment` (`xtransportcommentid`, `xtransportid`, `xtransportcomment`, `xcommenttype`) VALUES 
(4, 0, 'Waiting for PL and COO', 'Transportdoc'),
(7, 11, 'Documents are complete ', 'Transportdoc'),
(8, 9, 'Documents are complete', 'Transportdoc'),
(9, 10, 'Documents are complete', 'Transportdoc'),
(16, 14, 'Docs are complete', 'Transportdoc'),
(23, 15, 'docs are complete', 'Transportdoc'),
(28, 22, 'docs are complete', 'Transportdoc'),
(47, 28, 'docs are complete ', 'Transportdoc'),
(36, 18, 'docs are complete', 'Transportdoc'),
(49, 25, 'the cargo will be insure locally', 'Transportdoc'),
(48, 34, 'docs are complete', 'Transportdoc'),
(51, 36, 'docs are complete, the cargo does not need COO.', 'Transportdoc'),
(72, 53, 'Docs are complete', 'Transportdoc'),
(155, 111, 'Waiting for clear Docs', 'Transportdoc'),
(142, 108, 'waiting for coo', 'Transportdoc');

-- --------------------------------------------------------

-- 
-- Table structure for table `xxtransportcontainer`
-- 

CREATE TABLE `xxtransportcontainer` (
  `xtransportcontainerid` int(20) unsigned NOT NULL auto_increment,
  `xtransportid` int(20) unsigned default NULL,
  `xcontainerid` int(20) unsigned default NULL,
  `xcarrytype` enum('Bulk','Container') collate utf8_persian_ci default NULL,
  `xshippingstartdate` date default NULL,
  `xshippingrejectdate` date default NULL,
  `xshippingfreetime` int(3) NOT NULL default '0',
  `xshippingreached` tinyint(1) NOT NULL default '0',
  `xcustomerstartdate` date default NULL,
  `xcustomerrejectdate` date default NULL,
  `xreached` enum('Yes','No') collate utf8_persian_ci NOT NULL default 'No',
  `xreacheddate` date default NULL,
  `xfreetime` int(3) default NULL,
  `xcustomerfreetime` int(3) NOT NULL default '0',
  `xcustomerreached` tinyint(1) NOT NULL default '0',
  PRIMARY KEY  (`xtransportcontainerid`)
) ENGINE=MyISAM  DEFAULT CHARSET=utf8 COLLATE=utf8_persian_ci AUTO_INCREMENT=246 ;

-- 
-- Dumping data for table `xxtransportcontainer`
-- 

INSERT INTO `xxtransportcontainer` (`xtransportcontainerid`, `xtransportid`, `xcontainerid`, `xcarrytype`, `xshippingstartdate`, `xshippingrejectdate`, `xshippingfreetime`, `xshippingreached`, `xcustomerstartdate`, `xcustomerrejectdate`, `xreached`, `xreacheddate`, `xfreetime`, `xcustomerfreetime`, `xcustomerreached`) VALUES 
(1, 4, NULL, 'Bulk', NULL, NULL, 0, 0, NULL, NULL, 'No', NULL, NULL, 0, 0),
(2, 4, NULL, 'Bulk', NULL, NULL, 0, 0, NULL, NULL, 'No', NULL, NULL, 0, 0),
(52, 15, 28, 'Container', NULL, NULL, 0, 0, NULL, NULL, 'No', NULL, 0, 0, 0),
(48, 11, 6, 'Container', NULL, NULL, 0, 0, NULL, NULL, 'No', NULL, 0, 0, 0),
(31, 13, 7, 'Container', NULL, NULL, 0, 0, NULL, NULL, 'No', NULL, 0, 0, 0),
(32, 13, 8, 'Container', NULL, NULL, 0, 0, NULL, NULL, 'No', NULL, 0, 0, 0),
(47, 11, 5, 'Container', NULL, NULL, 0, 0, NULL, NULL, 'No', NULL, 0, 0, 0),
(49, 14, 25, 'Container', NULL, NULL, 0, 0, NULL, NULL, 'No', NULL, 0, 0, 0),
(42, 10, 7, 'Container', NULL, NULL, 0, 0, NULL, NULL, 'No', NULL, 0, 0, 0),
(54, 15, 26, 'Container', NULL, NULL, 0, 0, NULL, NULL, 'No', NULL, 0, 0, 0),
(12, 9, 2, 'Container', NULL, NULL, 0, 0, NULL, NULL, 'No', NULL, 0, 0, 0),
(51, 15, 29, 'Container', NULL, NULL, 0, 0, NULL, NULL, 'No', NULL, 0, 0, 0),
(43, 10, 8, 'Container', NULL, NULL, 0, 0, NULL, NULL, 'No', NULL, 0, 0, 0),
(50, 15, 30, 'Container', NULL, NULL, 0, 0, NULL, NULL, 'No', NULL, 0, 0, 0),
(53, 15, 27, 'Container', NULL, NULL, 0, 0, NULL, NULL, 'No', NULL, 0, 0, 0),
(56, 17, 31, 'Container', NULL, NULL, 0, 0, NULL, NULL, 'No', NULL, 0, 0, 0),
(45, 11, 4, 'Container', NULL, NULL, 0, 0, NULL, NULL, 'No', NULL, 0, 0, 0),
(44, 11, 3, 'Container', NULL, NULL, 0, 0, NULL, NULL, 'No', NULL, 0, 0, 0),
(57, 17, 32, 'Container', NULL, NULL, 0, 0, NULL, NULL, 'No', NULL, 0, 0, 0),
(58, 0, 33, 'Container', NULL, NULL, 0, 0, NULL, NULL, 'No', NULL, 0, 0, 0),
(59, 16, 31, 'Container', NULL, NULL, 0, 0, NULL, NULL, 'No', NULL, 0, 0, 0),
(60, 16, 32, 'Container', NULL, NULL, 0, 0, NULL, NULL, 'No', NULL, 0, 0, 0),
(61, 0, 33, 'Container', NULL, NULL, 0, 0, NULL, NULL, 'No', NULL, 0, 0, 0),
(62, 16, 34, 'Container', NULL, NULL, 0, 0, NULL, NULL, 'No', NULL, 0, 0, 0),
(63, 16, 35, 'Container', NULL, NULL, 0, 0, NULL, NULL, 'No', NULL, 0, 0, 0),
(64, 16, 36, 'Container', NULL, NULL, 0, 0, NULL, NULL, 'No', NULL, 0, 0, 0),
(65, 16, 37, 'Container', NULL, NULL, 0, 0, NULL, NULL, 'No', NULL, 0, 0, 0),
(66, 16, 38, 'Container', NULL, NULL, 0, 0, NULL, NULL, 'No', NULL, 0, 0, 0),
(67, 16, 39, 'Container', NULL, NULL, 0, 0, NULL, NULL, 'No', NULL, 0, 0, 0),
(68, 16, 40, 'Container', NULL, NULL, 0, 0, NULL, NULL, 'No', NULL, 0, 0, 0),
(70, 16, 41, 'Container', NULL, NULL, 0, 0, NULL, NULL, 'No', NULL, 0, 0, 0),
(71, 16, 42, 'Container', NULL, NULL, 0, 0, NULL, NULL, 'No', NULL, 0, 0, 0),
(72, 16, 43, 'Container', NULL, NULL, 0, 0, NULL, NULL, 'No', NULL, 0, 0, 0),
(73, 18, 45, 'Container', NULL, NULL, 0, 0, NULL, NULL, 'No', NULL, 0, 0, 0),
(74, 19, 46, 'Container', NULL, NULL, 0, 0, NULL, NULL, 'No', NULL, 0, 0, 0),
(75, 19, 47, 'Container', NULL, NULL, 0, 0, NULL, NULL, 'No', NULL, 0, 0, 0),
(76, 19, 48, 'Container', NULL, NULL, 0, 0, NULL, NULL, 'No', NULL, 0, 0, 0),
(77, 20, 49, 'Container', NULL, NULL, 0, 0, NULL, NULL, 'No', NULL, 0, 0, 0),
(78, 21, 50, 'Container', NULL, NULL, 0, 0, NULL, NULL, 'No', NULL, 0, 0, 0),
(79, 25, 51, 'Container', NULL, NULL, 0, 0, NULL, NULL, 'No', NULL, 0, 0, 0),
(80, 26, 52, 'Container', NULL, NULL, 0, 0, NULL, NULL, 'No', NULL, 0, 0, 0),
(81, 27, 53, 'Container', NULL, NULL, 0, 0, NULL, NULL, 'No', NULL, 0, 0, 0),
(82, 27, 54, 'Container', NULL, NULL, 0, 0, NULL, NULL, 'No', NULL, 0, 0, 0),
(83, 27, 55, 'Container', NULL, NULL, 0, 0, NULL, NULL, 'No', NULL, 0, 0, 0),
(84, 27, 56, 'Container', NULL, NULL, 0, 0, NULL, NULL, 'No', NULL, 0, 0, 0),
(85, 27, 57, 'Container', NULL, NULL, 0, 0, NULL, NULL, 'No', NULL, 0, 0, 0),
(86, 28, 58, 'Container', NULL, NULL, 0, 0, NULL, NULL, 'No', NULL, 0, 0, 0),
(87, 15, NULL, 'Bulk', NULL, NULL, 0, 0, NULL, NULL, 'No', NULL, NULL, 0, 0),
(88, 29, 59, 'Container', NULL, NULL, 0, 0, NULL, NULL, 'No', NULL, 0, 0, 0),
(89, 31, 59, 'Container', NULL, NULL, 0, 0, NULL, NULL, 'No', NULL, 0, 0, 0),
(94, 22, NULL, 'Bulk', NULL, NULL, 0, 0, NULL, NULL, 'No', NULL, NULL, 0, 0),
(93, 32, 61, 'Container', NULL, NULL, 0, 0, NULL, NULL, 'No', NULL, 0, 0, 0),
(95, 33, 62, 'Container', NULL, NULL, 0, 0, NULL, NULL, 'No', NULL, 0, 0, 0),
(99, 34, 69, 'Container', NULL, NULL, 0, 0, NULL, NULL, 'No', NULL, NULL, 0, 0),
(106, 36, 70, 'Container', NULL, NULL, 0, 0, NULL, NULL, 'No', NULL, NULL, 0, 0),
(107, 36, 71, 'Container', NULL, NULL, 0, 0, NULL, NULL, 'No', NULL, NULL, 0, 0),
(108, 37, 72, 'Container', NULL, NULL, 0, 0, NULL, NULL, 'No', NULL, NULL, 0, 0),
(109, 38, 73, 'Container', NULL, NULL, 0, 0, NULL, NULL, 'No', NULL, NULL, 0, 0),
(110, 39, 74, 'Container', NULL, NULL, 0, 0, NULL, NULL, 'No', NULL, NULL, 0, 0),
(111, 40, 75, 'Container', NULL, NULL, 0, 0, NULL, NULL, 'No', NULL, NULL, 0, 0),
(112, 24, 76, 'Container', NULL, NULL, 0, 0, NULL, NULL, 'No', NULL, NULL, 0, 0),
(113, 41, 77, 'Container', NULL, NULL, 0, 0, NULL, NULL, 'No', NULL, NULL, 0, 0),
(114, 43, 78, 'Container', NULL, NULL, 0, 0, NULL, NULL, 'No', NULL, NULL, 0, 0),
(115, 44, 79, 'Container', NULL, NULL, 0, 0, NULL, NULL, 'No', NULL, NULL, 0, 0),
(116, 45, 80, 'Container', NULL, NULL, 0, 0, NULL, NULL, 'No', NULL, NULL, 0, 0),
(117, 46, 81, 'Container', NULL, NULL, 0, 0, NULL, NULL, 'No', NULL, NULL, 0, 0),
(118, 46, 82, 'Container', NULL, NULL, 0, 0, NULL, NULL, 'No', NULL, NULL, 0, 0),
(119, 46, 83, 'Container', NULL, NULL, 0, 0, NULL, NULL, 'No', NULL, NULL, 0, 0),
(120, 48, 84, 'Container', '2007-12-28', NULL, 0, 0, '2007-12-28', NULL, 'No', NULL, NULL, 0, 0),
(121, 49, 85, 'Container', NULL, NULL, 0, 0, NULL, NULL, 'No', NULL, NULL, 0, 0),
(122, 47, 86, 'Container', NULL, NULL, 0, 0, NULL, NULL, 'No', NULL, NULL, 0, 0),
(123, 52, 89, 'Container', '2008-01-12', NULL, 10, 0, '2008-01-13', NULL, 'No', NULL, NULL, 30, 0),
(124, 53, 90, 'Container', '2008-01-11', NULL, 10, 0, NULL, NULL, 'No', NULL, NULL, 0, 0),
(125, 54, 91, 'Container', '2008-01-12', NULL, 10, 0, NULL, NULL, 'No', NULL, NULL, 0, 0),
(126, 54, 92, 'Container', '2008-01-12', NULL, 10, 0, NULL, NULL, 'No', NULL, NULL, 0, 0),
(127, 55, 93, 'Container', '2008-01-17', NULL, 10, 0, NULL, NULL, 'No', NULL, NULL, 0, 0),
(128, 55, 94, 'Container', '2008-01-17', NULL, 10, 0, NULL, NULL, 'No', NULL, NULL, 0, 0),
(129, 56, 95, 'Container', '2008-01-17', NULL, 10, 0, NULL, NULL, 'No', NULL, NULL, 0, 0),
(130, 57, NULL, 'Bulk', NULL, NULL, 0, 0, NULL, NULL, 'No', NULL, NULL, 0, 0),
(131, 58, 96, 'Container', '2008-01-23', NULL, 10, 0, NULL, NULL, 'No', NULL, NULL, 0, 0),
(132, 59, 97, 'Container', '2008-01-23', NULL, 10, 0, NULL, NULL, 'No', NULL, NULL, 0, 0),
(133, 60, 100, 'Container', '2008-01-29', NULL, 10, 0, NULL, NULL, 'No', NULL, NULL, 0, 0),
(134, 60, 99, 'Container', '2008-01-29', NULL, 10, 0, NULL, NULL, 'No', NULL, NULL, 0, 0),
(135, 60, 98, 'Container', '2008-01-29', NULL, 10, 0, NULL, NULL, 'No', NULL, NULL, 0, 0),
(136, 61, 101, 'Container', NULL, NULL, 0, 0, NULL, NULL, 'No', NULL, NULL, 0, 0),
(137, 62, 102, 'Container', NULL, NULL, 0, 0, NULL, NULL, 'No', NULL, NULL, 0, 0),
(138, 63, 103, 'Container', NULL, NULL, 0, 0, NULL, NULL, 'No', NULL, NULL, 0, 0),
(139, 64, 110, 'Container', '2008-02-13', NULL, 10, 0, NULL, NULL, 'No', NULL, NULL, 0, 0),
(140, 65, 109, 'Container', '2008-02-13', NULL, 10, 0, NULL, NULL, 'No', NULL, NULL, 0, 0),
(141, 66, 108, 'Container', '2008-02-13', NULL, 10, 0, NULL, NULL, 'No', NULL, NULL, 0, 0),
(142, 67, 107, 'Container', '2008-02-13', NULL, 10, 0, NULL, NULL, 'No', NULL, NULL, 0, 0),
(143, 68, 105, 'Container', '2008-02-13', NULL, 10, 0, NULL, NULL, 'No', NULL, NULL, 0, 0),
(144, 68, 106, 'Container', '2008-02-13', NULL, 10, 0, NULL, NULL, 'No', NULL, NULL, 0, 0),
(145, 69, 104, 'Container', '2008-02-08', NULL, 10, 0, NULL, NULL, 'No', NULL, NULL, 0, 0),
(146, 70, 111, 'Container', NULL, NULL, 0, 0, NULL, NULL, 'No', NULL, NULL, 0, 0),
(147, 70, 112, 'Container', NULL, NULL, 0, 0, NULL, NULL, 'No', NULL, NULL, 0, 0),
(148, 71, 113, 'Container', NULL, NULL, 0, 0, NULL, NULL, 'No', NULL, NULL, 0, 0),
(149, 72, NULL, 'Bulk', NULL, NULL, 0, 0, NULL, NULL, 'No', NULL, NULL, 0, 0),
(150, 73, 114, 'Container', '2008-02-25', NULL, 10, 0, NULL, NULL, 'No', NULL, NULL, 0, 0),
(151, 73, NULL, 'Bulk', NULL, NULL, 0, 0, NULL, NULL, 'No', NULL, NULL, 0, 0),
(152, 73, NULL, 'Bulk', NULL, NULL, 0, 0, NULL, NULL, 'No', NULL, NULL, 0, 0),
(153, 74, 115, 'Container', NULL, NULL, 0, 0, NULL, NULL, 'No', NULL, NULL, 0, 0),
(154, 75, 116, 'Container', NULL, NULL, 0, 0, NULL, NULL, 'No', NULL, NULL, 0, 0),
(155, 76, 117, 'Container', NULL, NULL, 0, 0, NULL, NULL, 'No', NULL, NULL, 0, 0),
(156, 77, 118, 'Container', NULL, NULL, 0, 0, NULL, NULL, 'No', NULL, NULL, 0, 0),
(157, 78, 119, 'Container', NULL, NULL, 0, 0, NULL, NULL, 'No', NULL, NULL, 0, 0),
(158, 78, 120, 'Container', NULL, NULL, 0, 0, NULL, NULL, 'No', NULL, NULL, 0, 0),
(159, 79, 121, 'Container', NULL, NULL, 0, 0, NULL, NULL, 'No', NULL, NULL, 0, 0),
(160, 80, 122, 'Container', NULL, NULL, 0, 0, NULL, NULL, 'No', NULL, NULL, 0, 0),
(161, 81, 123, 'Container', '2008-03-17', NULL, 10, 0, NULL, NULL, 'No', NULL, NULL, 0, 0),
(163, 82, 124, 'Container', NULL, NULL, 0, 0, NULL, NULL, 'No', NULL, NULL, 0, 0),
(164, 82, 125, 'Container', NULL, NULL, 0, 0, NULL, NULL, 'No', NULL, NULL, 0, 0),
(165, 83, NULL, 'Bulk', NULL, NULL, 0, 0, NULL, NULL, 'No', NULL, NULL, 0, 0),
(166, 84, NULL, 'Bulk', NULL, NULL, 0, 0, NULL, NULL, 'No', NULL, NULL, 0, 0),
(167, 85, 126, 'Container', '2008-04-03', NULL, 10, 0, NULL, NULL, 'No', NULL, NULL, 0, 0),
(168, 86, 127, 'Container', '2008-04-05', NULL, 10, 0, NULL, NULL, 'No', NULL, NULL, 0, 0),
(169, 86, 128, 'Container', '2008-04-05', NULL, 10, 0, NULL, NULL, 'No', NULL, NULL, 0, 0),
(170, 86, 129, 'Container', '2008-04-05', NULL, 10, 0, NULL, NULL, 'No', NULL, NULL, 0, 0),
(171, 86, 130, 'Container', '2008-04-05', NULL, 10, 0, NULL, NULL, 'No', NULL, NULL, 0, 0),
(172, 86, 131, 'Container', '2008-04-05', NULL, 10, 0, NULL, NULL, 'No', NULL, NULL, 0, 0),
(173, 86, 132, 'Container', '2008-04-05', NULL, 10, 0, NULL, NULL, 'No', NULL, NULL, 0, 0),
(174, 86, 133, 'Container', '2008-04-05', NULL, 10, 0, NULL, NULL, 'No', NULL, NULL, 0, 0),
(175, 87, 134, 'Container', NULL, NULL, 0, 0, NULL, NULL, 'No', NULL, NULL, 0, 0),
(176, 88, 135, 'Container', NULL, NULL, 0, 0, NULL, NULL, 'No', NULL, NULL, 0, 0),
(177, 88, 136, 'Container', NULL, NULL, 0, 0, NULL, NULL, 'No', NULL, NULL, 0, 0),
(178, 89, 137, 'Container', '2008-04-12', NULL, 10, 0, NULL, NULL, 'No', NULL, NULL, 0, 0),
(179, 89, 138, 'Container', '2008-04-12', NULL, 10, 0, NULL, NULL, 'No', NULL, NULL, 0, 0),
(180, 89, 139, 'Container', NULL, NULL, 0, 0, NULL, NULL, 'No', NULL, NULL, 0, 0),
(181, 90, 140, 'Container', NULL, NULL, 0, 0, NULL, NULL, 'No', NULL, NULL, 0, 0),
(182, 91, 141, 'Container', NULL, NULL, 0, 0, NULL, NULL, 'No', NULL, NULL, 0, 0),
(183, 92, NULL, 'Bulk', NULL, NULL, 0, 0, NULL, NULL, 'No', NULL, NULL, 0, 0),
(184, 93, 142, 'Container', NULL, NULL, 0, 0, NULL, NULL, 'No', NULL, NULL, 0, 0),
(185, 94, NULL, 'Bulk', NULL, NULL, 0, 0, NULL, NULL, 'No', NULL, NULL, 0, 0),
(186, 95, 143, 'Container', NULL, NULL, 0, 0, NULL, NULL, 'No', NULL, NULL, 0, 0),
(187, 95, 144, 'Container', NULL, NULL, 0, 0, NULL, NULL, 'No', NULL, NULL, 0, 0),
(188, 95, 145, 'Container', NULL, NULL, 0, 0, NULL, NULL, 'No', NULL, NULL, 0, 0),
(189, 95, 146, 'Container', NULL, NULL, 0, 0, NULL, NULL, 'No', NULL, NULL, 0, 0),
(190, 95, 147, 'Container', NULL, NULL, 0, 0, NULL, NULL, 'No', NULL, NULL, 0, 0),
(191, 95, 148, 'Container', NULL, NULL, 0, 0, NULL, NULL, 'No', NULL, NULL, 0, 0),
(192, 95, 149, 'Container', NULL, NULL, 0, 0, NULL, NULL, 'No', NULL, NULL, 0, 0),
(193, 95, 150, 'Container', NULL, NULL, 0, 0, NULL, NULL, 'No', NULL, NULL, 0, 0),
(194, 95, 151, 'Container', NULL, NULL, 0, 0, NULL, NULL, 'No', NULL, NULL, 0, 0),
(195, 95, 152, 'Container', NULL, NULL, 0, 0, NULL, NULL, 'No', NULL, NULL, 0, 0),
(196, 96, 153, 'Container', NULL, NULL, 0, 0, NULL, NULL, 'No', NULL, NULL, 0, 0),
(197, 96, 154, 'Container', NULL, NULL, 0, 0, NULL, NULL, 'No', NULL, NULL, 0, 0),
(198, 97, 155, 'Container', NULL, NULL, 0, 0, NULL, NULL, 'No', NULL, NULL, 0, 0),
(199, 97, 156, 'Container', NULL, NULL, 0, 0, NULL, NULL, 'No', NULL, NULL, 0, 0),
(200, 97, 157, 'Container', NULL, NULL, 0, 0, NULL, NULL, 'No', NULL, NULL, 0, 0),
(201, 97, 158, 'Container', NULL, NULL, 0, 0, NULL, NULL, 'No', NULL, NULL, 0, 0),
(202, 97, 159, 'Container', NULL, NULL, 0, 0, NULL, NULL, 'No', NULL, NULL, 0, 0),
(203, 97, 160, 'Container', NULL, NULL, 0, 0, NULL, NULL, 'No', NULL, NULL, 0, 0),
(204, 97, 161, 'Container', NULL, NULL, 0, 0, NULL, NULL, 'No', NULL, NULL, 0, 0),
(205, 97, 162, 'Container', NULL, NULL, 0, 0, NULL, NULL, 'No', NULL, NULL, 0, 0),
(206, 98, 163, 'Container', NULL, NULL, 0, 0, NULL, NULL, 'No', NULL, NULL, 0, 0),
(207, 98, 164, 'Container', NULL, NULL, 0, 0, NULL, NULL, 'No', NULL, NULL, 0, 0),
(208, 98, 165, 'Container', NULL, NULL, 0, 0, NULL, NULL, 'No', NULL, NULL, 0, 0),
(209, 98, 166, 'Container', NULL, NULL, 0, 0, NULL, NULL, 'No', NULL, NULL, 0, 0),
(210, 98, 167, 'Container', NULL, NULL, 0, 0, NULL, NULL, 'No', NULL, NULL, 0, 0),
(211, 98, 168, 'Container', NULL, NULL, 0, 0, NULL, NULL, 'No', NULL, NULL, 0, 0),
(212, 99, 169, 'Container', NULL, NULL, 0, 0, NULL, NULL, 'No', NULL, NULL, 0, 0),
(213, 100, 170, 'Container', NULL, NULL, 0, 0, NULL, NULL, 'No', NULL, NULL, 0, 0),
(214, 101, 171, 'Container', NULL, NULL, 0, 0, NULL, NULL, 'No', NULL, NULL, 0, 0),
(215, 101, 172, 'Container', NULL, NULL, 0, 0, NULL, NULL, 'No', NULL, NULL, 0, 0),
(216, 101, 173, 'Container', NULL, NULL, 0, 0, NULL, NULL, 'No', NULL, NULL, 0, 0),
(217, 101, 174, 'Container', NULL, NULL, 0, 0, NULL, NULL, 'No', NULL, NULL, 0, 0),
(218, 101, 175, 'Container', NULL, NULL, 0, 0, NULL, NULL, 'No', NULL, NULL, 0, 0),
(219, 101, 176, 'Container', NULL, NULL, 0, 0, NULL, NULL, 'No', NULL, NULL, 0, 0),
(220, 101, 177, 'Container', NULL, NULL, 0, 0, NULL, NULL, 'No', NULL, NULL, 0, 0),
(221, 101, 178, 'Container', NULL, NULL, 0, 0, NULL, NULL, 'No', NULL, NULL, 0, 0),
(222, 101, 179, 'Container', NULL, NULL, 0, 0, NULL, NULL, 'No', NULL, NULL, 0, 0),
(223, 101, 180, 'Container', NULL, NULL, 0, 0, NULL, NULL, 'No', NULL, NULL, 0, 0),
(224, 102, 181, 'Container', NULL, NULL, 0, 0, NULL, NULL, 'No', NULL, NULL, 0, 0),
(225, 104, 182, 'Container', NULL, NULL, 0, 0, NULL, NULL, 'No', NULL, NULL, 0, 0),
(228, 106, NULL, 'Bulk', NULL, NULL, 0, 0, NULL, NULL, 'No', NULL, NULL, 0, 0),
(227, 105, 184, 'Container', NULL, NULL, 0, 0, NULL, NULL, 'No', NULL, NULL, 0, 0),
(230, 107, NULL, 'Bulk', NULL, NULL, 0, 0, NULL, NULL, 'No', NULL, NULL, 0, 0),
(231, 108, NULL, 'Bulk', NULL, NULL, 0, 0, NULL, NULL, 'No', NULL, NULL, 0, 0),
(232, 109, NULL, 'Bulk', NULL, NULL, 0, 0, NULL, NULL, 'No', NULL, NULL, 0, 0),
(235, 110, 185, 'Container', '2008-05-08', NULL, 0, 0, NULL, NULL, 'No', NULL, NULL, 0, 0),
(236, 110, 186, 'Container', '2008-05-08', NULL, 0, 0, NULL, NULL, 'No', NULL, NULL, 0, 0),
(238, 110, 188, 'Container', '2008-05-08', NULL, 0, 0, NULL, NULL, 'No', NULL, NULL, 0, 0),
(241, 110, 191, 'Container', '2008-05-08', NULL, 0, 0, NULL, NULL, 'No', NULL, NULL, 0, 0),
(242, 110, 192, 'Container', '2008-05-08', NULL, 0, 0, NULL, NULL, 'No', NULL, NULL, 0, 0),
(243, 110, 193, 'Container', '2008-05-08', NULL, 0, 0, NULL, NULL, 'No', NULL, NULL, 0, 0),
(244, 110, 194, 'Container', '2008-05-08', NULL, 0, 0, NULL, NULL, 'No', NULL, NULL, 0, 0),
(245, 110, 195, 'Container', '2008-05-08', NULL, 0, 0, NULL, NULL, 'No', NULL, NULL, 0, 0);

-- --------------------------------------------------------

-- 
-- Table structure for table `xxtransportdocument`
-- 

CREATE TABLE `xxtransportdocument` (
  `xtransportdocumentid` int(20) unsigned NOT NULL auto_increment,
  `xdocumentid` int(20) unsigned NOT NULL,
  `xtransportid` int(20) unsigned NOT NULL,
  `xdocumentnumber` varchar(100) collate utf8_persian_ci default NULL,
  `xdocumentdate` date default NULL,
  `xoldtransportdocumentid` int(20) unsigned default NULL,
  PRIMARY KEY  (`xtransportdocumentid`)
) ENGINE=MyISAM  DEFAULT CHARSET=utf8 COLLATE=utf8_persian_ci AUTO_INCREMENT=490 ;

-- 
-- Dumping data for table `xxtransportdocument`
-- 

INSERT INTO `xxtransportdocument` (`xtransportdocumentid`, `xdocumentid`, `xtransportid`, `xdocumentnumber`, `xdocumentdate`, `xoldtransportdocumentid`) VALUES 
(4, 1, 9, 'JEABNDP000176', '0000-00-00', NULL),
(5, 3, 9, '', '2007-10-07', NULL),
(6, 5, 9, 'MMUC/2007/00125', '2007-10-07', NULL),
(8, 2, 9, '', '2007-10-09', NULL),
(9, 2, 9, '', '2007-10-09', NULL),
(10, 2, 9, '', '2007-10-09', NULL),
(11, 1, 10, 'JKT/BBS-20252/07', '0000-00-00', NULL),
(12, 1, 10, 'IRSLPCL8215BTB0326', '0000-00-00', NULL),
(13, 6, 10, '', '2007-09-27', NULL),
(14, 1, 11, 'JKT/BBS-20283/07', '0000-00-00', NULL),
(15, 3, 11, '02/PL/MILT/IX/07', '2007-09-14', NULL),
(16, 5, 11, '02/INV/IMLT/IX-07', '2007-09-14', NULL),
(17, 2, 10, '311/9000/9000/86/209', '2007-09-23', NULL),
(18, 4, 10, '12032/JKB/2007', '2007-08-31', NULL),
(19, 2, 10, '311/9000/9000/86/209', '2007-10-01', NULL),
(20, 3, 10, '01/PL/MILT/VIII/07', '2007-08-31', NULL),
(21, 5, 10, '01/INV/MILT/VIII-07', '2007-08-31', NULL),
(22, 7, 10, '313731', '2007-09-05', NULL),
(23, 2, 11, '311/9000/9000/86/210', '2007-10-01', NULL),
(24, 4, 11, '12573/JKB/2007', '2007-09-25', NULL),
(25, 2, 11, '311/9000/9000/86/210', '2007-09-24', NULL),
(26, 7, 11, '062/FUM-IMF/IX/07', '2007-09-21', NULL),
(27, 2, 14, 'B029207', '2007-10-17', NULL),
(28, 1, 14, 'DXB/BND/10172', '2007-10-16', NULL),
(29, 3, 14, '', '2007-10-18', NULL),
(30, 5, 14, '71200', '2007-10-18', NULL),
(31, 8, 14, '', '0000-00-00', NULL),
(32, 5, 15, '2455', '2007-09-28', NULL),
(36, 4, 15, '4586806/4586807', '2007-10-05', NULL),
(37, 9, 15, '4589109', '0000-00-00', NULL),
(38, 1, 0, 'DXB/BND/07090076', '2007-11-17', NULL),
(46, 4, 14, '503623', '2007-10-17', NULL),
(40, 1, 15, '5afm750444201', '0000-00-00', NULL),
(49, 5, 25, 'EXP-2', '2007-10-26', NULL),
(50, 10, 25, '003512', '2007-10-30', NULL),
(52, 3, 25, '', '2007-11-01', NULL),
(62, 3, 15, '', '2007-10-29', NULL),
(66, 10, 28, '003518', '2007-11-07', NULL),
(67, 5, 28, '', '2007-11-05', NULL),
(68, 3, 28, '', '2007-11-05', NULL),
(69, 2, 28, '10-C/645-001', '2007-11-07', NULL),
(70, 1, 18, 'EZ0710F164', '2007-11-08', NULL),
(71, 4, 18, '55630', '2007-11-08', NULL),
(72, 5, 18, 'H12/72007', '2007-11-08', NULL),
(73, 13, 18, 'H12/72007', '2007-11-11', NULL),
(74, 3, 18, 'H12/72007', '2007-11-11', NULL),
(75, 2, 18, '0830002529/07/07/089', '2007-11-13', 70),
(90, 2, 0, 'AIC-09-QR-010901', '2007-11-17', NULL),
(91, 11, 0, 'PCKD.9815/2007-2008', '2007-11-17', NULL),
(94, 5, 0, 'E0111', '2007-11-17', NULL),
(113, 2, 34, 'ATC-09-OR-010901', '2007-11-19', NULL),
(112, 4, 28, 'UZIN71301363K', '2007-11-20', NULL),
(114, 5, 34, 'E0114', '2007-11-19', NULL),
(115, 3, 34, 'E0114', '2007-11-19', NULL),
(116, 5, 34, 'E0115', '2007-11-19', NULL),
(117, 3, 34, 'E0115', '2007-11-19', NULL),
(118, 4, 34, '030753', '2007-11-19', NULL),
(119, 4, 34, '030752', '2007-11-19', NULL),
(120, 12, 34, '', '2007-11-19', NULL),
(121, 11, 34, '1406068', '2007-11-19', NULL),
(122, 6, 34, '', '2007-11-20', NULL),
(123, 1, 34, 'PKKHIIRBND0700097', '2007-11-19', NULL),
(124, 4, 25, 'UZIN71301314K', '2007-11-20', NULL),
(125, 1, 36, 'JEABNDPD00214', '2007-11-26', NULL),
(141, 5, 36, 'ALKA20010', '2007-11-27', NULL),
(142, 5, 36, 'ALKA20011', '2007-11-27', NULL),
(143, 3, 36, 'ALKA20010', '2007-11-27', NULL),
(144, 3, 36, 'ALKA20011', '2007-11-27', NULL),
(145, 2, 36, '', '2007-11-27', NULL),
(194, 3, 53, '', '2008-01-08', NULL),
(195, 5, 53, '00105', '2008-01-08', NULL),
(196, 1, 53, 'DXB/BND/10227', '2008-01-08', NULL),
(197, 2, 53, '', '2008-01-15', NULL),
(442, 5, 108, 'p030508-6&NOCC-80331', '2008-05-06', NULL),
(443, 3, 108, 'P030508-6&NOCC-80331', '2008-05-06', NULL),
(444, 1, 108, '176-50792980', '2008-05-06', NULL);

-- --------------------------------------------------------

-- 
-- Table structure for table `xxtransportdocumentfile`
-- 

CREATE TABLE `xxtransportdocumentfile` (
  `xtransportdocumentfileid` int(20) unsigned NOT NULL auto_increment,
  `xtransportdocumentid` int(20) unsigned NOT NULL,
  `xfilename` varchar(200) collate utf8_persian_ci NOT NULL,
  PRIMARY KEY  (`xtransportdocumentfileid`)
) ENGINE=MyISAM  DEFAULT CHARSET=utf8 COLLATE=utf8_persian_ci AUTO_INCREMENT=629 ;

-- 
-- Dumping data for table `xxtransportdocumentfile`
-- 

INSERT INTO `xxtransportdocumentfile` (`xtransportdocumentfileid`, `xtransportdocumentid`, `xfilename`) VALUES 
(18, 131, 'close.gif'),
(19, 131, 'symbol-pdf.gif'),
(20, 131, 'admin.png'),
(21, 131, '1'),
(38, 146, 'acp-iv-009rev1.pdf'),
(37, 147, 'pl042.jpg'),
(39, 148, 'c050.pdf'),
(27, 149, 'pre alerts 089.jpg'),
(28, 150, 'pre alerts 090.jpg'),
(29, 151, 'JEABNDP000219.jpg'),
(30, 152, 'Insurance.pdf'),
(31, 153, 'PL.jpg'),
(32, 154, 'CO.jpg'),
(33, 155, 'CQ.JPG'),
(34, 156, '110116 MBL.JPG'),
(35, 157, 'CI.jpg'),
(40, 158, 'COO LLC37.jpg'),
(41, 159, 'insurance LLC37.jpg'),
(42, 160, 'invoice LLC37.jpg'),
(43, 161, 'PL LLC37.jpg'),
(44, 162, 'PRE ALERTS 096.jpg'),
(45, 163, 'PRE ALERTS 095.jpg'),
(46, 164, 'PRE ALERTS 097.jpg'),
(47, 165, 'image.jpg'),
(48, 166, 'mBL0015.pdf'),
(49, 167, 'tetra pak0001.pdf'),
(50, 168, 'tetra pak0001.pdf'),
(51, 169, 'SE - 677 -  07 001.jpg'),
(52, 170, 'SE - 677 -  07 006.jpg'),
(53, 171, 'SE - 677 -  07 005.jpg'),
(54, 172, 'SE - 677 -  07 004.jpg'),
(55, 173, 'PRE ALERTS 098.jpg'),
(56, 174, 'PRE ALERTS 099.jpg'),
(57, 175, 'PRE ALERTS 099.jpg'),
(61, 4, '61.jpg'),
(62, 5, '62.jpg'),
(63, 6, '63.jpg'),
(65, 8, '65.jpg'),
(66, 9, '66.jpg'),
(67, 10, '67.jpg'),
(68, 11, '68.jpg'),
(69, 12, '69.jpg'),
(70, 13, '70.jpg'),
(71, 14, '71.jpg'),
(72, 15, '72.jpg'),
(73, 16, '73.jpg'),
(74, 17, '74.jpg'),
(75, 18, '75.jpg'),
(76, 19, '76.jpg'),
(77, 20, '77.jpg'),
(78, 21, '78.jpg'),
(79, 22, '79.jpg'),
(80, 23, '80.jpg'),
(81, 24, '81.jpg'),
(82, 25, '82.jpg'),
(83, 26, '83.jpg'),
(84, 27, '84.jpg'),
(85, 28, '85.jpg'),
(86, 29, '86.jpg'),
(87, 30, '87.jpg'),
(88, 31, '88.jpg'),
(89, 32, '89.jpg'),
(90, 33, '90.jpg'),
(91, 34, '91.jpg'),
(92, 35, '92.jpg'),
(93, 36, '93.jpg'),
(94, 37, '94.jpg'),
(95, 39, '95.jpg'),
(96, 40, '96.jpg'),
(97, 41, '97.jpg'),
(98, 42, '98.jpg'),
(99, 43, '99.jpg'),
(100, 44, '100.jpg'),
(101, 45, '101.jpg'),
(102, 46, '102.jpg'),
(103, 47, '103.jpg'),
(104, 48, '104.jpg'),
(105, 49, '105.jpg'),
(106, 50, '106.jpg'),
(107, 51, '107.jpg'),
(108, 52, '108.jpg'),
(109, 53, '109.jpg'),
(110, 54, '110.jpg'),
(111, 55, '111.jpg'),
(112, 56, '112.jpg'),
(113, 57, '113.jpg'),
(114, 58, '114.jpg'),
(115, 59, '115.jpg'),
(116, 60, '116.jpg'),
(117, 61, '117.jpg'),
(118, 62, '118.jpg'),
(119, 63, '119.jpg'),
(120, 64, '120.jpg'),
(121, 65, '121.jpg'),
(122, 66, '122.jpg'),
(123, 67, '123.jpg'),
(124, 68, '124.jpg'),
(125, 69, '125.jpg'),
(126, 70, '126.jpg'),
(127, 71, '127.jpg'),
(128, 72, '128.jpg'),
(130, 73, '130.jpg'),
(131, 74, '131.jpg'),
(132, 75, '132.jpg'),
(133, 76, '133.jpg'),
(134, 77, '134.jpg'),
(135, 78, '135.jpg'),
(136, 81, '136.jpg'),
(137, 101, '137.jpg'),
(138, 102, '138.jpg'),
(139, 103, '139.jpg'),
(140, 104, '140.jpg'),
(141, 105, '141.jpg'),
(142, 106, '142.jpg'),
(143, 107, '143.jpg'),
(144, 108, '144.jpg'),
(145, 109, '145.jpg'),
(146, 110, '146.jpg'),
(147, 111, '147.jpg'),
(148, 112, '148.jpg'),
(149, 113, '149.jpg'),
(150, 114, '150.jpg'),
(151, 115, '151.jpg'),
(152, 116, '152.jpg'),
(153, 117, '153.jpg'),
(154, 118, '154.jpg'),
(155, 119, '155.jpg'),
(156, 120, '156.jpg'),
(157, 121, '157.jpg'),
(158, 122, '158.jpg'),
(159, 123, '159.jpg'),
(160, 124, '160.jpg'),
(161, 125, '161.jpg'),
(162, 126, '162.jpg'),
(163, 127, '163.jpg'),
(164, 128, '164.jpg'),
(165, 129, '165.jpg'),
(166, 130, '166.jpg'),
(167, 131, '167.jpg'),
(168, 132, '168.jpg'),
(169, 133, '169.jpg'),
(170, 134, '170.jpg'),
(171, 135, '171.jpg'),
(172, 136, '172.jpg'),
(173, 137, '173.jpg'),
(174, 138, '174.jpg'),
(175, 139, '175.jpg'),
(176, 140, '176.jpg'),
(177, 141, '177.jpg'),
(178, 142, '178.jpg'),
(179, 143, '179.jpg'),
(180, 144, '180.jpg'),
(181, 145, '181.jpg'),
(182, 176, 'INVOICE & PL COPY.pdf'),
(183, 177, 'INVOICE & PL COPY.pdf'),
(184, 178, 'PASEXPINV_37-82695_PDF.PDF'),
(185, 179, 'INsurance.jpg'),
(186, 180, 'ins 13466.jpg'),
(187, 181, 'insurance.jpg'),
(188, 182, 'invoice.pdf'),
(189, 183, 'packing list.pdf'),
(190, 184, 'BL-LLC44 001.jpg'),
(191, 185, 'INV-LLC44.jpg'),
(192, 186, 'PL-LLC44.jpg'),
(193, 187, 'COO-LLC44.jpg'),
(194, 188, 'COE-LLC44.jpg'),
(195, 189, 'img-1030308-0001.pdf'),
(196, 190, 'img-1030308-0001.pdf'),
(197, 191, 'yoh6poyoscn00010.pdf'),
(198, 191, 'yoh6poyoscn00021.pdf'),
(199, 191, 'yoh6poyoscn00032.pdf'),
(200, 191, 'yoh6poyoscn00043.pdf'),
(201, 191, 'yoh6poyoscn00054.pdf'),
(202, 192, 'SE - 005 - 08 PL019.jpg'),
(203, 192, 'SE - 005 - 08 PL022.jpg'),
(204, 192, 'SE - 005 - 08 PL027.jpg'),
(205, 192, 'SE - 005 - 08 PL028.jpg'),
(206, 193, 'SE - 005 - 08 PL029.jpg'),
(207, 194, 'PRE ALERTS 105.jpg'),
(208, 194, 'PRE ALERTS 106.jpg'),
(209, 195, 'PRE ALERTS 105.jpg'),
(210, 195, 'PRE ALERTS 106.jpg'),
(211, 196, 'PRE ALERTS 104.jpg'),
(212, 197, 'insurance Nikolay Grebentsov.jpg'),
(213, 198, '9081520.pdf'),
(214, 198, '9081521.pdf'),
(215, 199, '016113A.JPG'),
(216, 199, '016114A.JPG'),
(217, 200, '0428 BL.TIF'),
(218, 201, '0428.tif'),
(219, 202, 'inv   (2).tif'),
(220, 203, 'inv   pkg list.tif'),
(221, 204, '04280001.tif'),
(222, 205, '0428.tif'),
(223, 205, '0429.tif'),
(224, 206, 'BL gt-216.jpg'),
(225, 207, 'insurance-1 gt-216.jpg'),
(226, 207, 'insurance-2 gt-216.jpg'),
(227, 208, 'insurance BMW.JPG'),
(228, 209, 'insurance.jpg'),
(229, 210, '0431A.JPG'),
(230, 211, 'BL-008.TIF'),
(231, 212, 'INVOICE-008.TIF'),
(232, 213, 'PL-008.TIF'),
(233, 214, 'ANALYSIS-008.TIF'),
(234, 215, 'BL ets057.jpg'),
(235, 216, 'ETS013.jpg'),
(236, 217, 'ETS.JPG'),
(237, 218, 'Insurance 13738.jpg'),
(238, 219, 'scan01.pdf'),
(239, 220, 'scan03.pdf'),
(240, 221, 'scan02.pdf'),
(241, 222, 'scan04.pdf'),
(242, 223, 'BL.pdf'),
(243, 224, 'SE - 660 - 07 010.jpg'),
(244, 225, 'SEARLE PAKISTAN MBL.PDF'),
(245, 226, 'invoice 009.TIF'),
(246, 227, 'PACKING LIST0010.pdf'),
(247, 228, 'COO 009.TIF'),
(248, 229, 'COA 009.TIF'),
(249, 230, 'insurance 009.TIF'),
(250, 231, 'insurance gt-214.jpg'),
(251, 232, '016138.jpg'),
(252, 233, 'BL 010.TIF'),
(253, 234, 'INVOICE 010.TIF'),
(254, 235, 'PL 010.TIF'),
(255, 236, 'INSURANCE 010.TIF'),
(256, 237, 'COA 010.TIF'),
(257, 238, 'Invoice MSCU7080410.pdf'),
(258, 239, 'PL  MSCU7080410.pdf'),
(259, 240, 'Insurance.pdf'),
(260, 241, 'HBL.jpg'),
(261, 242, 'Invoice MSCU9441019.pdf'),
(262, 243, 'PL  MSCU9441019.pdf'),
(263, 244, 'Insurance.pdf'),
(264, 245, 'HBL.jpg'),
(265, 246, 'HBL.jpg'),
(266, 247, 'HBL.jpg'),
(267, 248, 'new Invoice GLDU0757274.pdf'),
(268, 249, 'new PL  GLDU0757274.pdf'),
(269, 250, 'Insurance.pdf'),
(270, 251, 'HBL.jpg'),
(271, 252, 'Insurance.pdf'),
(272, 253, 'Invoice MSCU9441019.pdf'),
(273, 254, 'PL  MSCU9441019.pdf'),
(274, 255, 'HBL.jpg'),
(275, 256, 'Insurance.pdf'),
(276, 257, 'Invoice MSCU7080410.pdf'),
(277, 258, 'PL  MSCU7080410.pdf'),
(278, 259, 'M08010233.JPG'),
(279, 260, 'Insurance.pdf'),
(280, 261, 'Invoice B.Abbas OOLU8537992.pdf'),
(281, 262, 'PL B.ABBAS OOLU8537992.pdf'),
(282, 263, 'JEABNDP000241.pdf'),
(283, 264, 'SE-027-08126.jpg'),
(284, 265, 'SE-027-08123.jpg'),
(285, 266, 'SE-027-08124.jpg'),
(286, 267, 'JEABNDP000240.pdf'),
(287, 268, 'SE-735-07122.jpg'),
(288, 269, 'SE-735-07120.jpg'),
(289, 270, 'SE-735-07121.jpg'),
(290, 271, 'JEABNDP000248A.PDF'),
(291, 272, 'co SE-707-07238.jpg'),
(292, 273, 'inv SE-707-07239.jpg'),
(293, 274, 'pl SE-707-07240.jpg'),
(294, 275, 'BL JEABNDP000247.pdf'),
(295, 276, 'co SE-708-07243.jpg'),
(296, 277, 'inv SE-708-07241.jpg'),
(297, 278, 'pl SE-708-07242.jpg'),
(298, 279, 'jeabndp000245.pdf'),
(299, 280, 'co se - 036 -08152.jpg'),
(300, 281, 'BASF166.jpg'),
(301, 282, 'pl BASF165.jpg'),
(302, 283, 'jeabndp000244.pdf'),
(303, 284, 'co se - 736 -07155.jpg'),
(304, 285, 'inv se - 736 -07156.jpg'),
(305, 286, 'pl se - 736 -07157.jpg'),
(306, 287, 'insurance.jpg'),
(307, 287, 'insurance 2.jpg'),
(308, 288, 'BL BASF304.jpg'),
(309, 289, 'INV BASF302.jpg'),
(310, 290, 'PL BASF303.jpg'),
(311, 291, 'co-1  016428.jpg'),
(312, 291, 'co-2  016429.jpg'),
(313, 291, 'co-3  016427.jpg'),
(314, 292, 'bl.tif'),
(315, 293, 'coa-1.TIF'),
(316, 293, 'coa.TIF'),
(317, 294, 'insurance.TIF'),
(318, 295, 'pl-1.TIF'),
(319, 295, 'pl-2.TIF'),
(320, 295, 'pl-3.TIF'),
(321, 296, 'inv-1.TIF'),
(322, 296, 'inv-2.TIF'),
(323, 296, 'inv-3.TIF'),
(324, 297, 'co FR-certificatenew.jpg'),
(325, 298, 'INS_Karat0002.jpg'),
(326, 298, 'INS_Karatnew.jpg'),
(327, 299, 'AHI_Invoice_FR.jpg'),
(328, 300, 'FR_PL22.jpg'),
(329, 301, 'jeabndp000242.pdf'),
(330, 302, 'se - 030 -08158.jpg'),
(331, 303, 'inv se - 030 -08159.jpg'),
(332, 304, 'pl se - 030 -08160.jpg'),
(333, 305, 'INVOICE 1.pdf'),
(334, 305, 'INVOICE 2.pdf'),
(335, 305, 'INVOICE 3.pdf'),
(336, 306, 'PACKING 1.pdf'),
(337, 306, 'PACKING 2.pdf'),
(338, 306, 'PACKING 3.pdf'),
(339, 307, 'CMR 1.pdf'),
(340, 307, 'CMR 2.pdf'),
(341, 307, 'CMR 3.pdf'),
(342, 308, 'BL 1.pdf'),
(343, 308, 'BL 2.pdf'),
(344, 308, 'BL 3.pdf'),
(345, 309, 'COO405.jpg'),
(346, 309, 'COO406.jpg'),
(347, 311, '17454.jpg'),
(348, 312, '800415.tif'),
(349, 313, 'INV.TIF'),
(350, 314, 'PL.TIF'),
(351, 315, 'INS.TIF'),
(352, 316, 'CERTIFICATE OF ANALAYSIS.PDF'),
(353, 317, 'MBL COPY.PDF'),
(354, 318, 'INSURANCE.PDF'),
(355, 319, 'DRUG LICENCE.PDF'),
(356, 320, 'CERTIFICATE OF ORIGIN.PDF'),
(357, 321, 'INV WITH H.S.CODE.tif'),
(358, 322, 'PACK LIST WITH H.S.CODE.tif'),
(359, 323, 'JEABNDP00256.jpg'),
(360, 324, 'INV428.jpg'),
(361, 325, 'PACKING LIST429.jpg'),
(362, 326, 'JEABNDP00253.jpg'),
(363, 327, 'BASF425.jpg'),
(364, 328, 'BASF426.jpg'),
(365, 329, 'BASF427.jpg'),
(366, 330, 'insurance.jpg'),
(367, 331, 'INSURANCE437.jpg'),
(368, 331, 'insurance440.jpg'),
(369, 332, 'container.pdf'),
(370, 332, 'SE-091-08 (R) 002.jpg'),
(371, 333, 'ANNP0355.jpg'),
(372, 333, 'P035.jpg'),
(373, 334, 'SE - 091 - 08 INSURANCE 001.jpg'),
(374, 334, 'SE - 091 - 08 INSURANCE 002.jpg'),
(375, 335, 'FIRST CNTR 1345.jpg'),
(376, 336, 'FIRST CNTR 2346.jpg'),
(388, 337, 'FIRST CNTR 5349.jpg'),
(391, 337, 'FIRST CNTR 8352.jpg'),
(390, 337, 'FIRST CNTR 7351.jpg'),
(389, 337, 'FIRST CNTR 6350.jpg'),
(387, 337, 'FIRST CNTR 4348.jpg'),
(386, 337, 'FIRST CNTR 3347.jpg'),
(385, 337, 'FIRST CNTR0344.jpg'),
(392, 337, 'SECOND CNTR 2361.jpg'),
(393, 338, 'P000257.JPG'),
(394, 339, 'ZOYA465.jpg'),
(395, 339, 'ZOYA467.jpg'),
(396, 339, 'ZOYA468.jpg'),
(397, 339, 'ZOYA469.jpg'),
(398, 339, 'ZOYA470.jpg'),
(399, 340, 'ZOYA465.jpg'),
(400, 340, 'ZOYA467.jpg'),
(401, 340, 'ZOYA468.jpg'),
(402, 340, 'ZOYA469.jpg'),
(403, 340, 'ZOYA470.jpg'),
(404, 341, '00261.JPG'),
(405, 341, 'ANN00261.JPG'),
(406, 342, 'BASF480.jpg'),
(407, 343, 'BASF481.jpg'),
(408, 344, 'insur 3362008205.jpg'),
(409, 345, 'BASF495.jpg'),
(410, 346, 'coo507.jpg'),
(411, 347, 'Insurance Interfood.jpg'),
(412, 348, 'ANN JEABNDP000266.jpg'),
(413, 349, 'BSF 003.jpg'),
(414, 350, 'BSF 001.jpg'),
(415, 351, 'BSF 002.jpg'),
(416, 352, 'SE -136 -08 001.jpg'),
(417, 353, 'SE -136 -08 005.jpg'),
(418, 353, 'SE -136 -08 007.jpg'),
(419, 354, 'SE -136 -08 008.jpg'),
(420, 354, 'SE -136 -08 006.jpg'),
(421, 355, 'SE -136 -08 003.jpg'),
(422, 355, 'SE -136 -08 004.jpg'),
(423, 356, 'certificate of origin.jpg'),
(424, 357, 'back of commercial invoice.jpg'),
(425, 357, 'commercial invoice.jpg'),
(426, 358, 'packing list.jpg'),
(427, 359, 'Commercial Invoice.jpg'),
(428, 360, 'Packing List.jpg'),
(429, 361, 'Ocean Bill Of lading.jpg'),
(430, 362, 'Attached.jpg'),
(431, 363, 'basf 005.jpg'),
(432, 364, 'basf 006.jpg'),
(433, 365, 'basf 007.jpg'),
(434, 366, 'MAREN INSHRANS587.jpg'),
(435, 366, 'MAREN INSHRANS590.jpg'),
(436, 366, 'MAREN INSHRANS599.jpg'),
(437, 366, 'MAREN INSHRANS593.jpg'),
(438, 366, 'MAREN INSHRANS602.jpg'),
(439, 366, 'MAREN INSHRANS596.jpg'),
(440, 367, 'MAREN INSHRANS586.jpg'),
(441, 367, 'MAREN INSHRANS589.jpg'),
(442, 367, 'MAREN INSHRANS592.jpg'),
(443, 367, 'MAREN INSHRANS601.jpg'),
(444, 367, 'MAREN INSHRANS598.jpg'),
(445, 367, 'MAREN INSHRANS595.jpg'),
(446, 368, 'SYNERGY.PDF'),
(447, 369, 'COF-30.JPG'),
(448, 370, 'COO-30.JPG'),
(449, 371, 'PC-30.JPG'),
(450, 372, 'TR1-30.JPG'),
(451, 372, 'TR2-30.JPG'),
(452, 372, 'TR3_30.JPG'),
(453, 372, 'TR-30.JPG'),
(454, 373, 'HC-30.JPG'),
(455, 374, 'Insurance1-30.JPG'),
(456, 374, 'Insurance2-30.JPG'),
(457, 375, 'invoice1-30.JPG'),
(458, 375, 'invoice2-30.JPG'),
(459, 375, 'invoice 3-30.JPG'),
(460, 375, 'invoice 4-30.JPG'),
(461, 376, 'SAIPEM612.jpg'),
(462, 376, 'SAIPEM615.jpg'),
(463, 377, 'SAIPEM613.jpg'),
(464, 377, 'SAIPEM616.jpg'),
(465, 378, 'SAIPEM.PDF'),
(466, 379, 'pre alerts - basf 002.jpg'),
(467, 379, 'pre alerts - basf 004.jpg'),
(468, 379, 'pre alerts - basf 006.jpg'),
(469, 380, 'pre alerts - basf 001.jpg'),
(470, 380, 'pre alerts - basf 003.jpg'),
(471, 380, 'pre alerts - basf 005.jpg'),
(472, 381, 'pre alerts - basf 007.jpg'),
(473, 382, '20080410115857193.pdf'),
(474, 383, 'BASF 030338623.jpg'),
(475, 384, 'BASF PCKG LIST626.jpg'),
(476, 385, 'bl-24.jpg'),
(477, 386, 'COO-24.jpg'),
(478, 387, 'INV-24.jpg'),
(479, 388, 'PL-24.jpg'),
(480, 389, 'BL-36.jpg'),
(481, 390, 'COO-36.jpg'),
(482, 391, 'INS-36.jpg'),
(483, 392, 'INVL-36.jpg'),
(484, 392, 'P-INV-36.jpg'),
(485, 393, 'PL-1-36.jpg'),
(486, 393, 'PL-2-36.jpg'),
(487, 394, 'INVOICE ROSTAM.jpg'),
(488, 395, 'PACKING LIST ROSTAM.jpg'),
(489, 396, 'f1110005.pdf'),
(490, 397, 'f111000 (6).pdf'),
(491, 398, ' Imp1684_08.jpg'),
(492, 399, 'INV.TIF'),
(493, 400, 'INV.TIF'),
(494, 401, 'SONAROME.TIF'),
(495, 402, '241388.tif'),
(496, 403, '1862.jpg'),
(497, 403, '1863.jpg'),
(498, 404, 'COC 2ND LOT661.jpg'),
(499, 404, 'COC 2ND LOT663.jpg'),
(500, 404, 'COC 2ND LOT665.jpg'),
(501, 404, 'COC 2ND LOT667.jpg'),
(502, 404, 'COC 2ND LOT669.jpg'),
(503, 404, 'COC 2ND LOT671.jpg'),
(504, 404, 'COC 2ND LOT673.jpg'),
(505, 404, 'COC 2ND LOT673.jpg'),
(506, 404, 'COC 2ND LOT675.jpg'),
(507, 405, 'SYNERGY.PDF'),
(508, 406, 'Scan001.pdf'),
(509, 407, '185.TIF'),
(510, 407, '186.TIF'),
(511, 407, '187.TIF'),
(512, 407, '188.TIF'),
(513, 407, '189.TIF'),
(514, 407, '190.TIF'),
(515, 407, '191.TIF'),
(516, 407, '192.TIF'),
(517, 408, 'inv-pl 003.jpg'),
(518, 408, 'inv-pl 004.jpg'),
(519, 408, 'inv-pl 005.jpg'),
(520, 408, 'inv-pl 006.jpg'),
(521, 409, 'KKLU903114839.pdf'),
(522, 410, 'SOC 2ND LOT649.jpg'),
(523, 410, 'SOC 2ND LOT651.jpg'),
(524, 410, 'SOC 2ND LOT653.jpg'),
(525, 410, 'SOC 2ND LOT655.jpg'),
(526, 410, 'SOC 2ND LOT657.jpg'),
(527, 410, 'SOC 2ND LOT659.jpg'),
(528, 411, 'JEABNDP00274.jpg'),
(529, 411, 'annJEABNDP000274.jpg'),
(530, 412, '181.TIF'),
(531, 412, '182.TIF'),
(532, 412, '183.TIF'),
(533, 412, '184.TIF'),
(534, 412, '193.TIF'),
(535, 412, '194.TIF'),
(536, 413, 'Scan001.pdf'),
(537, 414, '20080421210914385.pdf'),
(538, 415, 'inv-pl 007.jpg'),
(539, 415, 'inv-pl 009.jpg'),
(540, 415, 'inv-pl 011.jpg'),
(541, 415, 'inv-pl 013.jpg'),
(542, 415, 'inv-pl 015.jpg'),
(543, 415, 'inv-pl 017.jpg'),
(544, 415, 'inv-pl 019.jpg'),
(545, 415, 'inv-pl 021.jpg'),
(546, 415, 'inv-pl 023.jpg'),
(547, 415, 'inv-pl 025.jpg'),
(548, 416, 'OXP1511.jpg'),
(549, 417, 'Invoice & Packing List0003.pdf'),
(550, 418, 'Invoice & Packing List0003.pdf'),
(551, 419, 'Phyto Certificate.pdf'),
(552, 420, 'ANALYTICAL REPORT.PDF'),
(553, 421, 'SE - 235 - 08 001.jpg'),
(554, 422, 'SE - 235 - 08 006.jpg'),
(555, 422, 'SE - 235 - 08 009.jpg'),
(556, 423, 'SE - 235 - 08 007.jpg'),
(557, 424, 'SE - 235 - 08 002.jpg'),
(558, 424, 'SE - 235 - 08 003.jpg'),
(559, 425, 'SE - 235 - 08 004.jpg'),
(560, 425, 'SE - 235 - 08 005.jpg'),
(561, 426, 'SE - 235 - 08 008.jpg'),
(562, 427, 'SE - 235 - 08 007.jpg'),
(563, 427, 'SE - 235 - 08 003.jpg'),
(564, 428, 'SE - 235 - 08 002.jpg'),
(565, 429, 'SE - 235 - 08 004.jpg'),
(566, 430, 'SE - 235 - 08 008.jpg'),
(567, 430, 'SE - 235 - 08 005.jpg'),
(568, 431, 'SE - 235 - 08 001.jpg'),
(569, 432, 'Ù¾Ú©ÛŒÙ†Ú¯ Ù„ÛŒØ³Øª 002.jpg'),
(570, 433, 'Ù¾Ú©ÛŒÙ†Ú¯ Ù„ÛŒØ³Øª 001.jpg'),
(571, 434, 'Ù¾Ú©ÛŒÙ†Ú¯ Ù„ÛŒØ³Øª 003.jpg'),
(572, 435, 'Ù¾Ú©ÛŒÙ†Ú¯ Ù„ÛŒØ³Øª 004.jpg'),
(573, 435, 'Ù¾Ú©ÛŒÙ†Ú¯ Ù„ÛŒØ³Øª.jpg'),
(574, 436, 'Ù¾Ú©ÛŒÙ†Ú¯ Ù„ÛŒØ³Øª 001.jpg'),
(575, 437, 'Ù¾Ú©ÛŒÙ†Ú¯ Ù„ÛŒØ³Øª 002.jpg'),
(576, 441, 'Ù¾Ú©ÛŒÙ†Ú¯ Ù„ÛŒØ³Øª.jpg'),
(577, 442, 'TSC LIMITED 001.jpg'),
(578, 443, 'TSC LIMITED 002.jpg'),
(579, 444, 'TSC LIMITED.jpg'),
(580, 445, 'invoice 601348 002.jpg'),
(581, 446, 'invoice 601348.jpg'),
(582, 446, 'invoice 601348 001.jpg'),
(583, 447, '110.jpg'),
(584, 448, 'bndp00276.jpg'),
(625, 486, 'save-inv-1con.jpg'),
(624, 485, '122.jpg'),
(593, 454, '115.jpg'),
(592, 451, '115 001.jpg'),
(594, 449, 'Scan001.pdf'),
(595, 449, 'Scan002.pdf'),
(596, 450, 'Scan001.pdf'),
(597, 450, 'Scan002.pdf'),
(598, 450, 'Scan001.pdf'),
(599, 450, 'Scan001.pdf'),
(600, 450, 'Scan001.pdf'),
(601, 450, 'Scan002.pdf'),
(602, 450, 'Scan001.pdf'),
(603, 455, 'Scan002.pdf'),
(604, 457, 'Scan002.pdf'),
(605, 458, 'Scan002.pdf'),
(606, 458, 'Scan001.pdf'),
(607, 460, '116 001.jpg'),
(608, 470, '116.jpg'),
(609, 471, '116.jpg'),
(610, 463, '116 001.jpg'),
(611, 473, 'Scan001.pdf'),
(612, 473, 'Scan002.pdf'),
(613, 474, 'Scan003.pdf'),
(614, 475, 'Scan004.pdf'),
(615, 476, 'COO gt-45.JPG'),
(616, 477, '46-1.jpg'),
(617, 478, '46.jpg'),
(618, 479, 'INSURANCE gt-47.JPG'),
(619, 480, 'COO gt-45.JPG'),
(620, 481, 'insurance gt-38.pdf'),
(621, 482, 'BL'),
(622, 483, 'P4'),
(623, 484, 'P5'),
(626, 487, 'save-inv-0204.jpg'),
(627, 488, 'save-plist-2con.jpg'),
(628, 489, '5');

-- --------------------------------------------------------

-- 
-- Table structure for table `xxtransportpath`
-- 

CREATE TABLE `xxtransportpath` (
  `xtransportpathid` int(20) unsigned NOT NULL auto_increment,
  `xtransportid` int(20) unsigned default NULL,
  `xfromcityid` int(20) unsigned default NULL,
  `xtocityid` int(20) unsigned default NULL,
  PRIMARY KEY  (`xtransportpathid`)
) ENGINE=MyISAM  DEFAULT CHARSET=utf8 COLLATE=utf8_persian_ci AUTO_INCREMENT=108 ;

-- 
-- Dumping data for table `xxtransportpath`
-- 

INSERT INTO `xxtransportpath` (`xtransportpathid`, `xtransportid`, `xfromcityid`, `xtocityid`) VALUES 
(31, 21, 16, 17),
(33, 20, 6, 14),
(32, 22, 17, 8),
(12, 0, 16, 14),
(13, 28, 21, 16),
(14, 25, 21, 16),
(36, 14, 17, 4),
(20, 15, 16, 8),
(35, 30, 1, 1),
(34, 14, 16, 17),
(41, 9, 16, 17),
(38, 10, 16, 4),
(42, 9, 17, 4),
(43, 29, 16, 25),
(44, 32, 16, 8),
(45, 18, 16, 11),
(48, 36, 16, 17),
(49, 37, 16, 17),
(50, 39, 16, 17),
(51, 25, 16, 7),
(52, 28, 16, 7),
(53, 36, 17, 4),
(54, 34, 16, 12),
(56, 40, 16, 14),
(57, 38, 16, 28),
(58, 37, 17, 4),
(59, 43, 16, 8),
(61, 45, 16, 17),
(62, 24, 6, 14),
(63, 41, 16, 17),
(68, 26, 16, 17),
(67, 49, 2, 4),
(69, 46, 16, 17),
(70, 44, 16, 4),
(71, 52, 16, 4),
(72, 54, 16, 34),
(73, 53, 16, 17),
(74, 57, 16, 35),
(78, 59, 16, 34),
(76, 58, 16, 31),
(77, 60, 2, 2),
(82, 56, 16, 17),
(80, 60, 16, 37),
(81, 53, 17, 4),
(83, 73, 6, 18),
(84, 73, 18, 17),
(85, 38, 17, 28),
(86, 61, 16, 14),
(91, 82, 6, 41),
(92, 78, 16, 42),
(93, 81, 6, 4),
(94, 85, 16, 4),
(97, 89, 16, 4),
(98, 90, 16, 41),
(99, 100, 16, 4),
(100, 87, 16, 17),
(101, 90, 1, 1),
(103, 100, 3, 6),
(104, 89, 2, 7),
(107, 53, 7, 44);

-- --------------------------------------------------------

-- 
-- Table structure for table `xxtransportstatuscolor`
-- 

CREATE TABLE `xxtransportstatuscolor` (
  `xtransportstatuscolorid` int(20) unsigned NOT NULL auto_increment,
  `xtransportid` int(20) unsigned NOT NULL,
  `xstatuscolorid` int(20) unsigned NOT NULL,
  PRIMARY KEY  (`xtransportstatuscolorid`)
) ENGINE=MyISAM  DEFAULT CHARSET=utf8 COLLATE=utf8_persian_ci AUTO_INCREMENT=214 ;

-- 
-- Dumping data for table `xxtransportstatuscolor`
-- 

INSERT INTO `xxtransportstatuscolor` (`xtransportstatuscolorid`, `xtransportid`, `xstatuscolorid`) VALUES 
(1, 50, 1),
(2, 51, 5),
(3, 51, 6),
(205, 10, 7),
(207, 11, 7),
(54, 38, 5),
(197, 32, 5),
(63, 34, 5),
(36, 36, 5),
(34, 37, 5),
(31, 39, 5),
(138, 41, 5),
(61, 43, 5),
(52, 44, 5),
(140, 45, 5),
(49, 52, 5),
(147, 9, 7),
(204, 10, 5),
(206, 11, 5),
(69, 53, 5),
(71, 54, 5),
(59, 57, 7),
(27, 47, 7),
(183, 46, 5),
(185, 42, 5),
(32, 39, 7),
(35, 37, 7),
(37, 36, 7),
(38, 14, 7),
(39, 21, 7),
(208, 25, 7),
(42, 28, 7),
(47, 73, 3),
(57, 26, 5),
(50, 52, 8),
(51, 49, 8),
(53, 44, 8),
(55, 38, 8),
(194, 40, 7),
(58, 26, 8),
(60, 57, 8),
(62, 43, 8),
(64, 34, 8),
(65, 18, 8),
(181, 60, 5),
(68, 93, 5),
(70, 53, 7),
(72, 54, 7),
(73, 55, 5),
(74, 55, 7),
(78, 56, 7),
(77, 56, 5),
(79, 58, 5),
(80, 58, 8),
(81, 59, 5),
(82, 59, 7),
(86, 62, 7),
(85, 62, 5),
(91, 63, 5),
(92, 63, 8),
(93, 64, 5),
(94, 64, 7),
(95, 65, 5),
(96, 65, 7),
(97, 66, 5),
(98, 66, 7),
(99, 67, 5),
(100, 67, 7),
(101, 68, 5),
(102, 68, 7),
(103, 70, 5),
(104, 70, 7),
(108, 71, 7),
(107, 71, 5),
(112, 78, 7),
(111, 78, 5),
(113, 74, 5),
(114, 74, 7),
(115, 75, 5),
(116, 75, 7),
(117, 76, 5),
(118, 76, 7),
(119, 77, 5),
(120, 77, 7),
(121, 79, 5),
(122, 79, 7),
(123, 80, 5),
(124, 80, 7),
(127, 81, 5),
(129, 82, 5),
(128, 81, 8),
(130, 82, 8),
(131, 86, 5),
(132, 86, 8),
(133, 88, 5),
(134, 88, 8),
(177, 96, 5),
(136, 72, 5),
(137, 72, 7),
(139, 41, 7),
(141, 45, 7),
(142, 94, 5),
(143, 94, 7),
(148, 87, 5),
(171, 99, 5),
(175, 100, 8),
(155, 89, 5),
(168, 101, 5),
(153, 98, 5),
(178, 90, 5),
(156, 89, 8),
(174, 100, 5),
(159, 85, 5),
(160, 85, 8),
(161, 97, 5),
(162, 97, 8),
(163, 24, 5),
(164, 48, 5),
(165, 48, 7),
(179, 90, 8),
(195, 61, 5),
(182, 60, 7),
(184, 46, 7),
(186, 42, 7),
(193, 40, 5),
(189, 91, 5),
(190, 91, 7),
(210, 108, 7),
(209, 108, 5),
(196, 61, 7),
(198, 32, 7),
(199, 102, 5),
(200, 104, 5),
(213, 110, 5),
(202, 92, 5),
(203, 95, 5);

-- --------------------------------------------------------

-- 
-- Table structure for table `xxtrigger`
-- 

CREATE TABLE `xxtrigger` (
  `xname` varchar(100) collate utf8_persian_ci NOT NULL,
  `xvalue` text collate utf8_persian_ci NOT NULL
) ENGINE=MyISAM DEFAULT CHARSET=utf8 COLLATE=utf8_persian_ci;

-- 
-- Dumping data for table `xxtrigger`
-- 

INSERT INTO `xxtrigger` (`xname`, `xvalue`) VALUES 
('xxuser_username_insert', 'DROP TRIGGER xxuser_username_insert;;\r\nCREATE TRIGGER xxuser_username_insert AFTER INSERT ON xxuser_username\r\nFOR EACH ROW BEGIN\r\nSET @id=SUBSTRING(NEW.xusernameid, 4, LENGTH(NEW.xusernameid));\r\nCASE SUBSTRING(NEW.xusernameid, 1, 3)\r\nWHEN ''ofc'' THEN\r\nUPDATE xxoffice SET xusernameid=NEW.xusernameid WHERE xofficeid=@id;\r\nWHEN ''cst'' THEN\r\nUPDATE xxcustomer SET xusernameid=NEW.xusernameid WHERE xcustomerid=@id;\r\nWHEN ''cri'' THEN\r\nUPDATE xxcarrier SET xusernameid=NEW.xusernameid WHERE xcarrierid=@id;\r\nWHEN ''inf'' THEN\r\nUPDATE xxuser_info SET xusernameid=NEW.xusernameid WHERE xinfoid=@id;\r\nEND CASE;\r\nEND;;');

-- --------------------------------------------------------

-- 
-- Table structure for table `xxuser_action`
-- 

CREATE TABLE `xxuser_action` (
  `xactionid` int(20) unsigned NOT NULL auto_increment,
  `xf1` varchar(128) collate utf8_persian_ci default NULL,
  `xf2` varchar(128) collate utf8_persian_ci default NULL,
  `xf3` varchar(128) collate utf8_persian_ci default NULL,
  `xf4` varchar(128) collate utf8_persian_ci default NULL,
  `xf5` varchar(128) collate utf8_persian_ci default NULL,
  `xf6` varchar(128) collate utf8_persian_ci default NULL,
  PRIMARY KEY  (`xactionid`)
) ENGINE=MyISAM  DEFAULT CHARSET=utf8 COLLATE=utf8_persian_ci AUTO_INCREMENT=168 ;

-- 
-- Dumping data for table `xxuser_action`
-- 

INSERT INTO `xxuser_action` (`xactionid`, `xf1`, `xf2`, `xf3`, `xf4`, `xf5`, `xf6`) VALUES 
(1, 'admin', 'index', '', NULL, NULL, NULL),
(2, 'account', 'account-admin', 'add', NULL, NULL, NULL),
(3, 'account', 'account-admin', 'update', NULL, NULL, NULL),
(4, 'account', 'account-admin', 'delete', NULL, NULL, NULL),
(5, 'account', 'account-admin', '', NULL, NULL, NULL),
(6, 'account', 'account-list', '', NULL, NULL, NULL),
(7, 'admin', 'carrier-admin', 'add', NULL, NULL, NULL),
(8, 'admin', 'carrier-admin', 'update', NULL, NULL, NULL),
(9, 'admin', 'carrier-admin', 'delete', NULL, NULL, NULL),
(10, 'admin', 'carrier-admin', '', NULL, NULL, NULL),
(11, 'admin', 'carrier-admin', 'add', 'equipment', NULL, NULL),
(12, 'admin', 'carrier-admin', 'update', 'equipment', NULL, NULL),
(13, 'admin', 'carrier-admin', 'delete', 'equipment', NULL, NULL),
(14, 'admin', 'carrier-admin', '', 'equipment', NULL, NULL),
(15, 'admin', 'carrier-list', '', NULL, NULL, NULL),
(16, 'admin', 'carrier-detail', '', NULL, NULL, NULL),
(17, 'admin', 'combo-admin', 'add', NULL, NULL, NULL),
(18, 'admin', 'combo-admin', 'update', NULL, NULL, NULL),
(19, 'admin', 'combo-admin', 'delete', NULL, NULL, NULL),
(20, 'admin', 'combo-admin', '', NULL, NULL, NULL),
(21, 'admin', 'combo-list', '', NULL, NULL, NULL),
(22, 'admin', 'container-admin', 'add', NULL, NULL, NULL),
(23, 'admin', 'container-admin', 'update', NULL, NULL, NULL),
(24, 'admin', 'container-admin', 'delete', NULL, NULL, NULL),
(25, 'admin', 'container-admin', '', NULL, NULL, NULL),
(26, 'admin', 'container-list', '', NULL, NULL, NULL),
(27, 'admin', 'container-detail', '', NULL, NULL, NULL),
(28, 'admin', 'container-lend-admin', 'add', NULL, NULL, NULL),
(29, 'admin', 'container-lend-admin', 'update', NULL, NULL, NULL),
(30, 'admin', 'container-lend-admin', 'delete', NULL, NULL, NULL),
(31, 'admin', 'container-lend-admin', '', NULL, NULL, NULL),
(32, 'admin', 'container-lend-list', '', NULL, NULL, NULL),
(33, 'admin', 'container-status', 'update', NULL, NULL, NULL),
(34, 'admin', 'container-status', '', NULL, NULL, NULL),
(35, 'admin', 'customer-admin', 'add', NULL, NULL, NULL),
(36, 'admin', 'customer-admin', 'update', NULL, NULL, NULL),
(37, 'admin', 'customer-admin', 'delete', NULL, NULL, NULL),
(38, 'admin', 'customer-admin', '', NULL, NULL, NULL),
(39, 'admin', 'customer-list', '', NULL, NULL, NULL),
(40, 'account', 'customs-admin', 'update', NULL, NULL, NULL),
(41, 'account', 'customs-admin', 'del_img', NULL, NULL, NULL),
(42, 'account', 'customs-list', '', NULL, NULL, NULL),
(43, 'admin', 'equipment-admin', 'add', NULL, NULL, NULL),
(44, 'admin', 'equipment-admin', 'update', NULL, NULL, NULL),
(45, 'admin', 'equipment-admin', 'delete', NULL, NULL, NULL),
(46, 'admin', 'equipment-admin', '', NULL, NULL, NULL),
(47, 'admin', 'equipment-list', '', NULL, NULL, NULL),
(48, 'admin', 'equipment-detail', '', NULL, NULL, NULL),
(49, 'admin', 'office-admin', 'add', NULL, NULL, NULL),
(50, 'admin', 'office-admin', 'update', NULL, NULL, NULL),
(51, 'admin', 'office-admin', 'delete', NULL, NULL, NULL),
(52, 'admin', 'office-admin', '', NULL, NULL, NULL),
(53, 'admin', 'office-list', '', NULL, NULL, NULL),
(54, 'admin', 'partyaccount-detail', '', NULL, NULL, NULL),
(55, 'admin', 'user-admin', 'add', NULL, NULL, NULL),
(56, 'admin', 'user-admin', 'update', NULL, NULL, NULL),
(57, 'admin', 'user-admin', 'delete', NULL, NULL, NULL),
(58, 'admin', 'user-admin', '', NULL, NULL, NULL),
(59, 'admin', 'user-list', '', NULL, NULL, NULL),
(60, 'admin', 'user-changepass', 'changepass', NULL, NULL, NULL),
(61, 'admin', 'user-changepass', '', NULL, NULL, NULL),
(62, 'carrier', 'loading-admin', 'add', 'path', NULL, NULL),
(63, 'carrier', 'loading-admin', 'update', 'path', NULL, NULL),
(64, 'carrier', 'loading-admin', 'delete', 'path', NULL, NULL),
(65, 'carrier', 'loading-admin', '', 'path', NULL, NULL),
(66, 'carrier', 'loading-admin', 'add', 'loading', NULL, NULL),
(67, 'carrier', 'loading-admin', 'update', 'loading', NULL, NULL),
(68, 'carrier', 'loading-admin', 'delete', 'loading', NULL, NULL),
(69, 'carrier', 'loading-admin', '', 'loading', NULL, NULL),
(70, 'operation', 'cargodocument-admin', 'add', NULL, NULL, NULL),
(71, 'operation', 'cargodocument-admin', 'update', NULL, NULL, NULL),
(72, 'operation', 'cargodocument-admin', 'delete', NULL, NULL, NULL),
(73, 'operation', 'cargodocument-admin', 'del_img', NULL, NULL, NULL),
(74, 'operation', 'cargodocument-admin', '', NULL, NULL, NULL),
(75, 'operation', 'operation-admin', 'update', NULL, NULL, NULL),
(76, 'operation', 'operation-admin', '', NULL, NULL, NULL),
(77, 'operation', 'transport-admin', 'add', 'transport', NULL, NULL),
(78, 'operation', 'transport-admin', 'update', 'transport', NULL, NULL),
(79, 'operation', 'transport-admin', 'delete', 'transport', NULL, NULL),
(80, 'operation', 'transport-admin', '', 'transport', NULL, NULL),
(81, 'operation', 'transport-admin', 'add', 'document', NULL, NULL),
(82, 'operation', 'transport-admin', 'update', 'document', NULL, NULL),
(83, 'operation', 'transport-admin', 'delete', 'document', NULL, NULL),
(84, 'operation', 'transport-admin', 'deleteimg', 'document', NULL, NULL),
(85, 'operation', 'transport-admin', '', 'document', NULL, NULL),
(86, 'operation', 'transport-admin', 'add', 'documentcomment', NULL, NULL),
(87, 'operation', 'transport-admin', 'update', 'documentcomment', NULL, NULL),
(88, 'operation', 'transport-admin', 'delete', 'documentcomment', NULL, NULL),
(89, 'operation', 'transport-admin', '', 'documentcomment', NULL, NULL),
(90, 'operation', 'transport-admin', 'add', 'cargo', NULL, NULL),
(91, 'operation', 'transport-admin', 'update', 'cargo', NULL, NULL),
(92, 'operation', 'transport-admin', '', 'cargo', NULL, NULL),
(93, 'operation', 'transport-admin', 'add', 'cargo', 'Container', NULL),
(94, 'operation', 'transport-admin', 'update', 'cargo', 'Container', NULL),
(95, 'operation', 'transport-admin', 'delete', 'cargo', 'Container', NULL),
(96, 'operation', 'transport-admin', '', 'cargo', 'Container', NULL),
(97, 'operation', 'transport-admin', 'add', 'containercargo', NULL, NULL),
(98, 'operation', 'transport-admin', 'update', 'containercargo', NULL, NULL),
(99, 'operation', 'transport-admin', 'delete', 'containercargo', NULL, NULL),
(100, 'operation', 'transport-admin', '', 'containercargo', NULL, NULL),
(101, 'operation', 'transport-list', '', 'transport', NULL, NULL),
(102, 'operation', 'transport-list', '', 'document', NULL, NULL),
(103, 'operation', 'transport-detail', '', NULL, NULL, NULL),
(104, 'operation', 'transportcargo-detail', '', NULL, NULL, NULL),
(105, 'operation', 'transportcontainer-detail', '', NULL, NULL, NULL),
(106, 'user', 'mail-admin', 'download', NULL, NULL, NULL),
(107, 'user', 'mail-admin', 'view', NULL, NULL, NULL),
(108, 'user', 'mail-admin', 'save', NULL, NULL, NULL),
(109, 'user', 'mail-admin', 'send', NULL, NULL, NULL),
(110, 'user', 'mail-admin', 'delete', NULL, NULL, NULL),
(111, 'user', 'mail-admin', 'edit', NULL, NULL, NULL),
(112, 'user', 'mail-admin', '', NULL, NULL, NULL),
(113, 'user', 'mail-list', '', NULL, NULL, NULL),
(114, 'user', 'mail-receiver', 'add', NULL, NULL, NULL),
(115, 'user', 'mail-receiver', '', NULL, NULL, NULL),
(116, 'user', 'reminder-admin', 'add', NULL, NULL, NULL),
(117, 'user', 'reminder-admin', 'update', NULL, NULL, NULL),
(118, 'user', 'reminder-admin', 'alert', NULL, NULL, NULL),
(119, 'user', 'reminder-admin', 'postpone', NULL, NULL, NULL),
(120, 'user', 'reminder-admin', 'delete', NULL, NULL, NULL),
(121, 'user', 'reminder-admin', '', NULL, NULL, NULL),
(122, 'user', 'reminder-list', '', NULL, NULL, NULL),
(123, 'account', 'customs-admin', '', NULL, NULL, NULL),
(124, 'admin', 'combo-admin', 'combooutput', NULL, NULL, NULL),
(125, 'admin', 'carrier-admin', 'add', 'carrier', NULL, NULL),
(126, 'admin', 'carrier-admin', 'update', 'carrier', NULL, NULL),
(127, 'admin', 'carrier-admin', 'delete', 'carrier', NULL, NULL),
(128, 'admin', 'carrier-admin', '', 'carrier', NULL, NULL),
(129, 'carrier', 'loading-equipment-detail', '', NULL, NULL, NULL),
(130, 'operation', 'transport-admin', 'docoutput', 'document', NULL, NULL),
(131, 'operation', 'transport-admin', 'cargooutput', 'document', NULL, NULL),
(132, 'carrier', 'loading-admin', 'pathoutput', 'path', NULL, NULL),
(133, 'operation', 'cargodocument-admin', 'docoutput', NULL, NULL, NULL),
(134, 'admin', 'carrier-admin', 'equipmentoutput', 'equipment', NULL, NULL),
(135, 'operation', 'transport-admin', 'add', 'cargo', 'Bulk', NULL),
(136, 'operation', 'transport-admin', 'update', 'cargo', 'Bulk', NULL),
(137, 'operation', 'transport-admin', '', 'cargo', 'Bulk', NULL),
(138, 'admin', 'me', '', NULL, NULL, NULL),
(139, 'operation', 'transport-admin', 'cargodocument', 'finished', NULL, NULL),
(140, 'operation', 'transport-admin', 'transportdocument', 'finished', NULL, NULL),
(141, 'operation', 'transport-admin', 'accounting', 'finished', NULL, NULL),
(142, 'operation', 'transport-admin', 'customs', 'finished', NULL, NULL),
(143, 'operation', 'transport-admin', 'operation', 'finished', NULL, NULL),
(144, 'admin', 'exportdb', '', NULL, NULL, NULL),
(145, 'admin', 'importdb', '', NULL, NULL, NULL),
(146, 'admin', 'importdb', 'import', NULL, NULL, NULL),
(147, 'user', 'mail-list', 'inbox', NULL, NULL, NULL),
(148, 'user', 'mail-list', 'sent', NULL, NULL, NULL),
(149, 'user', 'mail-list', 'draft', NULL, NULL, NULL),
(150, 'account', 'account-admin', 'deleteimg', NULL, NULL, NULL),
(151, 'operation', 'transport-admin', 'documentation', 'finished', NULL, NULL),
(152, 'user', 'mail-admin', 'newmail', NULL, NULL, NULL),
(153, 'admin', 'statuscolor-admin', 'add', NULL, NULL, NULL),
(154, 'admin', 'statuscolor-admin', 'update', NULL, NULL, NULL),
(155, 'admin', 'statuscolor-admin', 'delete', NULL, NULL, NULL),
(156, 'admin', 'statuscolor-admin', '', NULL, NULL, NULL),
(157, 'admin', 'statuscolor-list', '', NULL, NULL, NULL),
(158, 'admin', 'report-admin', 'delete', NULL, NULL, NULL),
(159, 'admin', 'report-admin', 'result', NULL, NULL, NULL),
(160, 'admin', 'report-admin', 'favorresult', NULL, NULL, NULL),
(161, 'admin', 'report-admin', '', NULL, NULL, NULL),
(162, 'admin', 'report-list', '', NULL, NULL, NULL),
(163, 'admin', 'report-list', 'favor', NULL, NULL, NULL),
(164, 'admin', 'reportmaker-admin', 'add', NULL, NULL, NULL),
(165, 'admin', 'reportmaker-admin', 'delete', NULL, NULL, NULL),
(166, 'admin', 'reportmaker-admin', '', NULL, NULL, NULL),
(167, 'admin', 'reportmaker-list', '', NULL, NULL, NULL);

-- --------------------------------------------------------

-- 
-- Table structure for table `xxuser_group`
-- 

CREATE TABLE `xxuser_group` (
  `xgroupid` int(20) unsigned NOT NULL auto_increment,
  `xgroup` varchar(128) collate utf8_persian_ci NOT NULL,
  PRIMARY KEY  (`xgroupid`)
) ENGINE=MyISAM  DEFAULT CHARSET=utf8 COLLATE=utf8_persian_ci AUTO_INCREMENT=10 ;

-- 
-- Dumping data for table `xxuser_group`
-- 

INSERT INTO `xxuser_group` (`xgroupid`, `xgroup`) VALUES 
(1, 'admin'),
(2, 'customer'),
(3, 'office'),
(4, 'carrier'),
(5, 'webcarrier'),
(6, 'operation'),
(7, 'document'),
(8, 'account&customs'),
(9, 'account');

-- --------------------------------------------------------

-- 
-- Table structure for table `xxuser_groupaction`
-- 

CREATE TABLE `xxuser_groupaction` (
  `xgroupactionid` int(20) unsigned NOT NULL auto_increment,
  `xgroupid` int(20) NOT NULL,
  `xactionid` int(20) NOT NULL,
  PRIMARY KEY  (`xgroupactionid`)
) ENGINE=MyISAM  DEFAULT CHARSET=utf8 COLLATE=utf8_persian_ci AUTO_INCREMENT=665 ;

-- 
-- Dumping data for table `xxuser_groupaction`
-- 

INSERT INTO `xxuser_groupaction` (`xgroupactionid`, `xgroupid`, `xactionid`) VALUES 
(1, 1, 1),
(2, 1, 2),
(3, 1, 3),
(4, 1, 4),
(5, 1, 5),
(6, 1, 6),
(7, 1, 7),
(8, 1, 8),
(9, 1, 9),
(10, 1, 10),
(11, 1, 11),
(12, 1, 12),
(13, 1, 13),
(14, 1, 14),
(15, 1, 15),
(16, 1, 16),
(17, 1, 17),
(18, 1, 18),
(19, 1, 19),
(20, 1, 20),
(21, 1, 21),
(22, 1, 22),
(23, 1, 23),
(24, 1, 24),
(25, 1, 25),
(26, 1, 26),
(27, 1, 27),
(28, 1, 28),
(29, 1, 29),
(30, 1, 30),
(31, 1, 31),
(32, 1, 32),
(33, 1, 33),
(34, 1, 34),
(35, 1, 35),
(36, 1, 36),
(37, 1, 37),
(38, 1, 38),
(39, 1, 39),
(40, 1, 40),
(41, 1, 41),
(42, 1, 42),
(43, 1, 43),
(44, 1, 44),
(45, 1, 45),
(46, 1, 46),
(47, 1, 47),
(48, 1, 48),
(49, 1, 49),
(50, 1, 50),
(51, 1, 51),
(52, 1, 52),
(53, 1, 53),
(54, 1, 54),
(55, 1, 55),
(56, 1, 56),
(57, 1, 57),
(58, 1, 58),
(59, 1, 59),
(60, 1, 60),
(61, 1, 61),
(62, 1, 62),
(63, 1, 63),
(64, 1, 64),
(65, 1, 65),
(66, 1, 66),
(67, 1, 67),
(68, 1, 68),
(69, 1, 69),
(70, 1, 70),
(71, 1, 71),
(72, 1, 72),
(73, 1, 73),
(74, 1, 74),
(75, 1, 75),
(76, 1, 76),
(77, 1, 77),
(78, 1, 78),
(79, 1, 79),
(80, 1, 80),
(81, 1, 81),
(82, 1, 82),
(83, 1, 83),
(84, 1, 84),
(85, 1, 85),
(86, 1, 86),
(87, 1, 87),
(88, 1, 88),
(89, 1, 89),
(90, 1, 90),
(91, 1, 91),
(92, 1, 92),
(93, 1, 93),
(94, 1, 94),
(95, 1, 95),
(96, 1, 96),
(97, 1, 97),
(98, 1, 98),
(99, 1, 99),
(100, 1, 100),
(101, 1, 101),
(102, 1, 102),
(103, 1, 103),
(104, 1, 104),
(105, 1, 105),
(106, 1, 106),
(107, 1, 107),
(108, 1, 108),
(109, 1, 109),
(110, 1, 110),
(111, 1, 111),
(112, 1, 112),
(113, 1, 113),
(114, 1, 114),
(115, 1, 115),
(116, 1, 116),
(117, 1, 117),
(118, 1, 118),
(119, 1, 119),
(120, 1, 120),
(121, 1, 121),
(122, 1, 122),
(123, 1, 123),
(124, 1, 124),
(125, 1, 125),
(126, 1, 126),
(127, 1, 127),
(128, 1, 128),
(129, 1, 129),
(130, 1, 130),
(131, 1, 131),
(132, 1, 132),
(133, 1, 133),
(134, 1, 134),
(135, 1, 135),
(136, 1, 136),
(137, 1, 137),
(138, 1, 138),
(139, 1, 139),
(140, 1, 140),
(141, 1, 141),
(142, 1, 142),
(143, 1, 143),
(144, 1, 144),
(145, 1, 145),
(146, 1, 146),
(147, 1, 147),
(148, 1, 148),
(149, 1, 149),
(150, 1, 150),
(151, 1, 151),
(152, 1, 152),
(153, 1, 153),
(154, 1, 154),
(155, 1, 155),
(156, 1, 156),
(157, 1, 157),
(158, 1, 158),
(159, 1, 159),
(160, 1, 160),
(161, 1, 161),
(162, 1, 162),
(163, 1, 163),
(164, 1, 164),
(165, 1, 165),
(166, 1, 166),
(167, 1, 167),
(168, 8, 1),
(169, 8, 2),
(170, 8, 3),
(171, 8, 4),
(172, 8, 5),
(173, 8, 6),
(174, 8, 10),
(175, 8, 14),
(176, 8, 15),
(177, 8, 16),
(178, 8, 20),
(179, 8, 21),
(180, 8, 22),
(181, 8, 23),
(182, 8, 24),
(183, 8, 25),
(184, 8, 26),
(185, 8, 27),
(186, 8, 31),
(187, 8, 32),
(188, 8, 34),
(189, 8, 38),
(190, 8, 39),
(191, 8, 40),
(192, 8, 41),
(193, 8, 42),
(194, 8, 46),
(195, 8, 47),
(196, 8, 48),
(197, 8, 52),
(198, 8, 53),
(199, 8, 54),
(200, 8, 58),
(201, 8, 59),
(202, 8, 61),
(203, 8, 65),
(204, 8, 69),
(205, 8, 74),
(206, 8, 76),
(207, 8, 80),
(208, 8, 85),
(209, 8, 89),
(210, 8, 92),
(211, 8, 96),
(212, 8, 100),
(213, 8, 101),
(214, 8, 102),
(215, 8, 103),
(216, 8, 104),
(217, 8, 105),
(218, 8, 106),
(219, 8, 107),
(220, 8, 108),
(221, 8, 109),
(222, 8, 110),
(223, 8, 111),
(224, 8, 112),
(225, 8, 113),
(226, 8, 114),
(227, 8, 115),
(228, 8, 116),
(229, 8, 117),
(230, 8, 118),
(231, 8, 119),
(232, 8, 120),
(233, 8, 121),
(234, 8, 122),
(235, 8, 123),
(236, 8, 128),
(237, 8, 129),
(238, 8, 137),
(239, 8, 141),
(240, 8, 142),
(241, 8, 147),
(242, 8, 148),
(243, 8, 149),
(244, 8, 150),
(245, 8, 152),
(246, 8, 153),
(247, 8, 154),
(248, 8, 155),
(249, 8, 156),
(250, 8, 157),
(251, 8, 158),
(252, 8, 159),
(253, 8, 160),
(254, 8, 161),
(255, 8, 162),
(256, 8, 163),
(257, 4, 1),
(258, 4, 5),
(259, 4, 6),
(260, 4, 7),
(261, 4, 8),
(262, 4, 9),
(263, 4, 10),
(264, 4, 11),
(265, 4, 12),
(266, 4, 13),
(267, 4, 14),
(268, 4, 15),
(269, 4, 16),
(270, 4, 20),
(271, 4, 21),
(272, 4, 25),
(273, 4, 26),
(274, 4, 27),
(275, 4, 31),
(276, 4, 32),
(277, 4, 33),
(278, 4, 34),
(279, 4, 38),
(280, 4, 39),
(281, 4, 42),
(282, 4, 43),
(283, 4, 44),
(284, 4, 45),
(285, 4, 46),
(286, 4, 47),
(287, 4, 48),
(288, 4, 52),
(289, 4, 53),
(290, 4, 54),
(291, 4, 58),
(292, 4, 59),
(293, 4, 61),
(294, 4, 62),
(295, 4, 63),
(296, 4, 64),
(297, 4, 65),
(298, 4, 66),
(299, 4, 67),
(300, 4, 68),
(301, 4, 69),
(302, 4, 70),
(303, 4, 71),
(304, 4, 72),
(305, 4, 73),
(306, 4, 74),
(307, 4, 76),
(308, 4, 80),
(309, 4, 85),
(310, 4, 89),
(311, 4, 92),
(312, 4, 96),
(313, 4, 100),
(314, 4, 101),
(315, 4, 102),
(316, 4, 103),
(317, 4, 104),
(318, 4, 105),
(319, 4, 106),
(320, 4, 107),
(321, 4, 108),
(322, 4, 109),
(323, 4, 110),
(324, 4, 111),
(325, 4, 112),
(326, 4, 113),
(327, 4, 114),
(328, 4, 115),
(329, 4, 116),
(330, 4, 117),
(331, 4, 118),
(332, 4, 119),
(333, 4, 120),
(334, 4, 121),
(335, 4, 122),
(336, 4, 123),
(337, 4, 125),
(338, 4, 126),
(339, 4, 127),
(340, 4, 128),
(341, 4, 129),
(342, 4, 132),
(343, 4, 137),
(344, 4, 147),
(345, 4, 148),
(346, 4, 149),
(347, 4, 152),
(348, 4, 153),
(349, 4, 154),
(350, 4, 155),
(351, 4, 156),
(352, 4, 157),
(353, 4, 158),
(354, 4, 159),
(355, 4, 160),
(356, 4, 161),
(357, 4, 162),
(358, 4, 163),
(359, 6, 1),
(360, 6, 5),
(361, 6, 6),
(362, 6, 7),
(363, 6, 8),
(364, 6, 9),
(365, 6, 10),
(366, 6, 11),
(367, 6, 12),
(368, 6, 13),
(369, 6, 14),
(370, 6, 15),
(371, 6, 16),
(372, 6, 17),
(373, 6, 18),
(374, 6, 19),
(375, 6, 20),
(376, 6, 21),
(377, 6, 22),
(378, 6, 23),
(379, 6, 24),
(380, 6, 25),
(381, 6, 26),
(382, 6, 27),
(383, 6, 28),
(384, 6, 29),
(385, 6, 30),
(386, 6, 31),
(387, 6, 32),
(388, 6, 33),
(389, 6, 34),
(390, 6, 38),
(391, 6, 39),
(392, 6, 40),
(393, 6, 41),
(394, 6, 42),
(395, 6, 43),
(396, 6, 44),
(397, 6, 45),
(398, 6, 46),
(399, 6, 47),
(400, 6, 48),
(401, 6, 52),
(402, 6, 53),
(403, 6, 54),
(404, 6, 58),
(405, 6, 59),
(406, 6, 61),
(407, 6, 65),
(408, 6, 69),
(409, 6, 70),
(410, 6, 71),
(411, 6, 72),
(412, 6, 73),
(413, 6, 74),
(414, 6, 75),
(415, 6, 76),
(416, 6, 77),
(417, 6, 78),
(418, 6, 79),
(419, 6, 80),
(420, 6, 85),
(421, 6, 89),
(422, 6, 90),
(423, 6, 91),
(424, 6, 92),
(425, 6, 93),
(426, 6, 94),
(427, 6, 95),
(428, 6, 96),
(429, 6, 97),
(430, 6, 98),
(431, 6, 99),
(432, 6, 100),
(433, 6, 101),
(434, 6, 102),
(435, 6, 103),
(436, 6, 104),
(437, 6, 105),
(438, 6, 106),
(439, 6, 107),
(440, 6, 108),
(441, 6, 109),
(442, 6, 110),
(443, 6, 111),
(444, 6, 112),
(445, 6, 113),
(446, 6, 114),
(447, 6, 115),
(448, 6, 116),
(449, 6, 117),
(450, 6, 118),
(451, 6, 119),
(452, 6, 120),
(453, 6, 121),
(454, 6, 122),
(455, 6, 123),
(456, 6, 124),
(457, 6, 125),
(458, 6, 126),
(459, 6, 127),
(460, 6, 128),
(461, 6, 129),
(462, 6, 130),
(463, 6, 131),
(464, 6, 132),
(465, 6, 133),
(466, 6, 134),
(467, 6, 135),
(468, 6, 136),
(469, 6, 137),
(470, 6, 138),
(471, 6, 143),
(472, 6, 147),
(473, 6, 148),
(474, 6, 149),
(475, 6, 152),
(476, 6, 62),
(477, 6, 63),
(478, 6, 64),
(479, 6, 66),
(480, 6, 67),
(481, 6, 68),
(482, 6, 153),
(483, 6, 154),
(484, 6, 155),
(485, 6, 156),
(486, 6, 157),
(487, 6, 158),
(488, 6, 159),
(489, 6, 160),
(490, 6, 161),
(491, 6, 162),
(492, 6, 163),
(493, 7, 1),
(494, 7, 5),
(495, 7, 6),
(496, 7, 7),
(497, 7, 8),
(498, 7, 9),
(499, 7, 10),
(500, 7, 11),
(501, 7, 12),
(502, 7, 13),
(503, 7, 14),
(504, 7, 15),
(505, 7, 16),
(506, 7, 17),
(507, 7, 18),
(508, 7, 19),
(509, 7, 20),
(510, 7, 21),
(511, 7, 22),
(512, 7, 23),
(513, 7, 24),
(514, 7, 25),
(515, 7, 26),
(516, 7, 27),
(517, 7, 31),
(518, 7, 32),
(519, 7, 34),
(520, 7, 35),
(521, 7, 36),
(522, 7, 37),
(523, 7, 38),
(524, 7, 39),
(525, 7, 42),
(526, 7, 46),
(527, 7, 47),
(528, 7, 48),
(529, 7, 49),
(530, 7, 50),
(531, 7, 51),
(532, 7, 52),
(533, 7, 53),
(534, 7, 54),
(535, 7, 58),
(536, 7, 59),
(537, 7, 61),
(538, 7, 65),
(539, 7, 69),
(540, 7, 70),
(541, 7, 71),
(542, 7, 72),
(543, 7, 73),
(544, 7, 74),
(545, 7, 75),
(546, 7, 76),
(547, 7, 77),
(548, 7, 78),
(549, 7, 79),
(550, 7, 80),
(551, 7, 81),
(552, 7, 82),
(553, 7, 83),
(554, 7, 84),
(555, 7, 85),
(556, 7, 86),
(557, 7, 87),
(558, 7, 88),
(559, 7, 89),
(560, 7, 90),
(561, 7, 91),
(562, 7, 92),
(563, 7, 93),
(564, 7, 94),
(565, 7, 95),
(566, 7, 96),
(567, 7, 97),
(568, 7, 98),
(569, 7, 99),
(570, 7, 100),
(571, 7, 101),
(572, 7, 102),
(573, 7, 103),
(574, 7, 104),
(575, 7, 105),
(576, 7, 106),
(577, 7, 107),
(578, 7, 108),
(579, 7, 109),
(580, 7, 110),
(581, 7, 111),
(582, 7, 112),
(583, 7, 113),
(584, 7, 114),
(585, 7, 115),
(586, 7, 116),
(587, 7, 117),
(588, 7, 118),
(589, 7, 119),
(590, 7, 120),
(591, 7, 121),
(592, 7, 122),
(593, 7, 123),
(594, 7, 124),
(595, 7, 125),
(596, 7, 126),
(597, 7, 127),
(598, 7, 128),
(599, 7, 129),
(600, 7, 130),
(601, 7, 131),
(602, 7, 132),
(603, 7, 133),
(604, 7, 134),
(605, 7, 135),
(606, 7, 136),
(607, 7, 137),
(608, 7, 139),
(609, 7, 140),
(610, 7, 147),
(611, 7, 148),
(612, 7, 149),
(613, 7, 151),
(614, 7, 152),
(615, 7, 153),
(616, 7, 154),
(617, 7, 155),
(618, 7, 156),
(619, 7, 157),
(620, 7, 158),
(621, 7, 159),
(622, 7, 160),
(623, 7, 161),
(624, 7, 162),
(625, 7, 163),
(626, 3, 1),
(627, 3, 48),
(628, 3, 103),
(629, 3, 104),
(630, 3, 105),
(631, 3, 129),
(632, 3, 101),
(633, 3, 158),
(634, 3, 159),
(635, 3, 160),
(636, 3, 161),
(637, 3, 162),
(638, 3, 163),
(639, 2, 1),
(640, 2, 48),
(641, 2, 103),
(642, 2, 104),
(643, 2, 105),
(644, 2, 129),
(645, 2, 101),
(646, 2, 158),
(647, 2, 159),
(648, 2, 160),
(649, 2, 161),
(650, 2, 162),
(651, 2, 163),
(652, 5, 1),
(653, 5, 48),
(654, 5, 103),
(655, 5, 104),
(656, 5, 105),
(657, 5, 129),
(658, 5, 101),
(659, 5, 158),
(660, 5, 159),
(661, 5, 160),
(662, 5, 161),
(663, 5, 162),
(664, 5, 163);

-- --------------------------------------------------------

-- 
-- Table structure for table `xxuser_groupuser`
-- 

CREATE TABLE `xxuser_groupuser` (
  `xgroupuserid` int(20) unsigned NOT NULL auto_increment,
  `xusernameid` varchar(20) collate utf8_persian_ci NOT NULL,
  `xgroupid` int(20) unsigned NOT NULL,
  PRIMARY KEY  (`xgroupuserid`),
  KEY `xusernameid` (`xusernameid`)
) ENGINE=MyISAM  DEFAULT CHARSET=utf8 COLLATE=utf8_persian_ci AUTO_INCREMENT=146 ;

-- 
-- Dumping data for table `xxuser_groupuser`
-- 

INSERT INTO `xxuser_groupuser` (`xgroupuserid`, `xusernameid`, `xgroupid`) VALUES 
(1, 'inf1', 1),
(2, 'ofc4', 3),
(8, 'cst3', 2),
(4, 'inf3', 7),
(7, 'inf2', 6),
(9, 'inf4', 4),
(10, 'inf5', 6),
(11, 'cst4', 2),
(12, 'cri8', 4),
(13, 'cri9', 4),
(14, 'cri10', 4),
(15, 'inf6', 8),
(16, 'inf7', 4),
(17, 'ofc5', 3),
(18, 'inf8', 1),
(105, 'inf9', 1),
(20, 'inf10', 6),
(21, 'cst1', 2),
(22, 'cst2', 2),
(24, 'inf11', 1),
(26, 'cst5', 2),
(27, 'cri1', 4),
(28, 'inf12', 8),
(29, 'inf13', 4),
(136, 'cri55', 4),
(95, 'inf15', 8),
(32, 'cri2', 4),
(33, 'cri3', 4),
(34, 'cst6', 2),
(35, 'cst7', 2),
(36, 'cst8', 2),
(37, 'cst9', 2),
(38, 'cst10', 2),
(39, 'cri5', 4),
(40, 'cst11', 2),
(41, 'cst12', 2),
(42, 'cst13', 2),
(43, 'cri6', 4),
(44, 'cst14', 2),
(45, 'cri7', 4),
(46, 'inf16', 4),
(47, 'cri14', 4),
(48, 'cst15', 2),
(49, 'cst16', 2),
(50, 'cri15', 4),
(51, 'cri16', 4),
(52, 'cst17', 2),
(53, 'cst18', 2),
(54, 'inf17', 6),
(55, 'cst19', 2),
(56, 'cst20', 2),
(57, 'cst21', 2),
(58, 'cst22', 2),
(59, 'cst23', 2),
(60, 'cst24', 2),
(61, 'cri17', 4),
(62, 'cri18', 4),
(63, 'cri19', 4),
(64, 'cri20', 4),
(65, 'cri21', 4),
(66, 'cri22', 4),
(67, 'cri23', 4),
(68, 'cri24', 4),
(69, 'cri25', 4),
(70, 'cri26', 4),
(71, 'cri27', 4),
(72, 'cst25', 2),
(73, 'cst26', 2),
(74, 'cst27', 2),
(75, 'cri28', 4),
(76, 'cri29', 4),
(77, 'cri30', 4),
(78, 'cri31', 4),
(79, 'cri32', 4),
(80, 'cri33', 4),
(81, 'cri34', 4),
(82, 'cst28', 2),
(129, 'cst47', 2),
(92, 'cri35', 4),
(96, 'cri37', 4),
(128, 'inf20', 8),
(98, 'cri38', 4),
(99, 'cst29', 2),
(100, 'cst30', 2),
(101, 'cri43', 4),
(102, 'cst31', 2),
(103, 'cst32', 2),
(106, 'cst33', 2),
(107, 'cst34', 2),
(108, 'cri45', 4),
(109, 'cri48', 4),
(110, 'cst35', 2),
(111, 'cst36', 2),
(112, 'cst37', 2),
(113, 'cst38', 2),
(114, 'cst39', 2),
(115, 'cst40', 2),
(116, 'cri49', 4),
(117, 'cri50', 4),
(118, 'cst41', 2),
(119, 'cri51', 4),
(120, 'cst42', 2),
(121, 'cst43', 2),
(122, 'cst44', 2),
(123, 'cri52', 4),
(124, 'cri53', 4),
(125, 'cst45', 2),
(126, 'cst46', 2),
(130, 'cst48', 2),
(131, 'cst49', 2),
(132, 'cri54', 4),
(133, 'cst50', 2),
(134, 'cst51', 2),
(135, 'inf21', 7),
(137, 'cst52', 2),
(138, 'cst53', 2),
(139, 'cri56', 4),
(140, 'cri57', 4),
(141, 'cst54', 2),
(142, 'cst55', 2),
(143, 'cri58', 4),
(144, 'cst56', 2),
(145, 'cst57', 2);

-- --------------------------------------------------------

-- 
-- Table structure for table `xxuser_info`
-- 

CREATE TABLE `xxuser_info` (
  `xinfoid` int(20) unsigned NOT NULL auto_increment,
  `xusernameid` varchar(20) collate utf8_persian_ci NOT NULL,
  `xname` varchar(128) collate utf8_persian_ci default NULL,
  `xfamily` varchar(128) collate utf8_persian_ci default NULL,
  `xgender` enum('Female','Male') collate utf8_persian_ci NOT NULL default 'Male',
  `xmarital` enum('Single','Married') collate utf8_persian_ci default NULL,
  `xcompany` varchar(128) collate utf8_persian_ci default NULL,
  `xpost` varchar(64) collate utf8_persian_ci default NULL,
  `xaddress` text collate utf8_persian_ci,
  `xcity` varchar(128) collate utf8_persian_ci default NULL,
  `xtel` varchar(64) collate utf8_persian_ci default NULL,
  `xfax` varchar(64) collate utf8_persian_ci default NULL,
  `xcountryid` int(20) unsigned default NULL,
  `xemail` varchar(256) collate utf8_persian_ci default NULL,
  `xweb` varchar(256) collate utf8_persian_ci default NULL,
  `xuserdes` text collate utf8_persian_ci,
  PRIMARY KEY  (`xinfoid`),
  KEY `xusernameid` (`xusernameid`)
) ENGINE=MyISAM  DEFAULT CHARSET=utf8 COLLATE=utf8_persian_ci AUTO_INCREMENT=22 ;

-- 
-- Dumping data for table `xxuser_info`
-- 

INSERT INTO `xxuser_info` (`xinfoid`, `xusernameid`, `xname`, `xfamily`, `xgender`, `xmarital`, `xcompany`, `xpost`, `xaddress`, `xcity`, `xtel`, `xfax`, `xcountryid`, `xemail`, `xweb`, `xuserdes`) VALUES 
(1, 'inf1', '1', '1', 'Male', 'Single', 'admin', 'Super Admin', NULL, NULL, '', NULL, 0, '0', NULL, NULL),
(9, 'inf9', 'Sadaf', 'Mahjoobi', 'Female', 'Single', 'Tir Tash Rah', 'Documentation', '', 'Tehran', '', '', 115, 'cordinator@tttrans.com', '', ''),
(8, 'inf8', 'shahram', 'A.Araghi', 'Male', 'Married', 'Tir Tash Rah', 'CEO', '', 'Tehran', '', '', 115, '', '', ''),
(10, 'inf10', 'sepideh', 'Sadraee', 'Female', 'Married', 'Tir Tash', 'operations Manager', '', '', '', '', 115, '', '', ''),
(11, 'inf11', 'Amir', 'Ashrafi', 'Male', 'Married', 'Tir Tash Rah Int''L', 'Vice President', '', 'Tehran', '', '', 115, '', '', ''),
(16, 'inf16', 'Mojhgan', 'Heydari', 'Female', 'Married', 'Tir Tash Rah Int''L', 'Carrier Manager', '', 'Tehran', '', '', 115, '', '', ''),
(15, 'inf15', '', '', 'Female', 'Single', '', '', '', '', '', '', 115, '', '', ''),
(17, 'inf17', 'Kuralay ', 'Ibragimova', 'Female', 'Married', 'Tir Tash rah', 'Marketing Manager', '', '', '', '', 115, '', '', ''),
(20, 'inf20', 'Omid', 'Goodarzi', 'Male', 'Married', '', '', '', '', '', '', 115, '', '', ''),
(21, 'inf21', 'Atieh', 'Heidari', 'Female', 'Single', '', '', '', '', '', '', 115, '', '', '');

-- --------------------------------------------------------

-- 
-- Table structure for table `xxuser_username`
-- 

CREATE TABLE `xxuser_username` (
  `xusernameid` varchar(20) collate utf8_persian_ci NOT NULL,
  `xusername` varchar(128) collate utf8_persian_ci NOT NULL,
  `xpassword` varchar(256) collate utf8_persian_ci NOT NULL,
  `xuserstatus` enum('Inactive','Active') collate utf8_persian_ci NOT NULL default 'Inactive',
  PRIMARY KEY  (`xusernameid`)
) ENGINE=MyISAM DEFAULT CHARSET=utf8 COLLATE=utf8_persian_ci;

-- 
-- Dumping data for table `xxuser_username`
-- 

INSERT INTO `xxuser_username` (`xusernameid`, `xusername`, `xpassword`, `xuserstatus`) VALUES 
('inf1', 'sa', 'd01ab6f69805615b74a4cd846cc0728f6c84a4da', 'Active'),
('ofc4', 'aaa', 'd01ab6f69805615b74a4cd846cc0728f6c84a4da', 'Active'),
('inf2', 'operation', 'd01ab6f69805615b74a4cd846cc0728f6c84a4da', 'Active'),
('inf3', 'document', 'd01ab6f69805615b74a4cd846cc0728f6c84a4da', 'Active'),
('cst3', 'pop', 'd01ab6f69805615b74a4cd846cc0728f6c84a4da', 'Active'),
('inf4', 'iiiiiii', 'd01ab6f69805615b74a4cd846cc0728f6c84a4da', 'Active'),
('inf5', 'vaiiiiiiii', 'd01ab6f69805615b74a4cd846cc0728f6c84a4da', 'Active'),
('cst4', 'fdfd', 'd01ab6f69805615b74a4cd846cc0728f6c84a4da', 'Active'),
('cri8', 'test', 'd01ab6f69805615b74a4cd846cc0728f6c84a4da', 'Active'),
('cri9', 'bob', 'd01ab6f69805615b74a4cd846cc0728f6c84a4da', 'Active'),
('cri10', 'mmamam', 'd01ab6f69805615b74a4cd846cc0728f6c84a4da', 'Active'),
('inf6', 'account', 'd01ab6f69805615b74a4cd846cc0728f6c84a4da', 'Active'),
('inf7', 'carrier', 'd01ab6f69805615b74a4cd846cc0728f6c84a4da', 'Active'),
('ofc5', 'olp', 'd01ab6f69805615b74a4cd846cc0728f6c84a4da', 'Active'),
('inf8', 'shahram', 'bf7e2be80457dfcb33ebdb655fd6ad298ac88e02', 'Active'),
('inf9', 'Sadaf', '4f8278c89ad16da05fec4fdfc61fe44798b92720', 'Active'),
('inf10', 'sepideh', 'e8c39c4d7e6f77fc86f5b18ff3d27b6831259e4f', 'Active'),
('cst1', '1', '356a192b7913b04c54574d18c28d46e6395428ab', 'Active'),
('cst2', 'yyyyy', 'd01ab6f69805615b74a4cd846cc0728f6c84a4da', 'Active'),
('inf11', 'Amir', 'ee6a99c050ed996ed75f7d23e4bd0b213a40fca9', 'Active'),
('cst5', 'cccccccccc', 'd01ab6f69805615b74a4cd846cc0728f6c84a4da', 'Active'),
('cri1', 'q', '77de68daecd823babbb58edb1c8e14d7106e83bb', 'Active'),
('inf12', 'Hossein', '24b87a470aed6552e55960e47b15599f9f43fb81', 'Active'),
('inf13', 'aa', '356a192b7913b04c54574d18c28d46e6395428ab', 'Active'),
('cri55', 'green', '8cb2237d0679ca88db6464eac60da96345513964', 'Active'),
('inf15', 'Mirzaee', '360d20736eefda7d81e77f019b24dd474d12ea78', 'Active'),
('cri2', 'tirtash', '99ebdbd711b0e1854a6c2e93f759efc2af291fd0', 'Active'),
('cri3', 'r', 'ac3478d69a3c81fa62e60f5c3696165a4e5e6ac4', 'Active'),
('cst6', 'pt', '7b52009b64fd0a2a49e6d8a939753077792b0554', 'Active'),
('cst7', 'tir', '40bd001563085fc35165329ea1ff5c5ecbdbbeef', 'Active'),
('cst8', 'PT KARYA', '7c4a8d09ca3762af61e59520943dc26494f8941b', 'Active'),
('cst9', 'rexel', '8cb2237d0679ca88db6464eac60da96345513964', 'Active'),
('cst10', 'REVOL', '8cb2237d0679ca88db6464eac60da96345513964', 'Active'),
('cri5', 'Hadaf bar darya', '8cb2237d0679ca88db6464eac60da96345513964', 'Active'),
('cst11', 'Pacific', '20eabe5d64b0e216796e834f52d61fd0b70332fc', 'Active'),
('cst12', 'Agama', '8cb2237d0679ca88db6464eac60da96345513964', 'Active'),
('cst13', 'Pt muliaker', '7b52009b64fd0a2a49e6d8a939753077792b0554', 'Active'),
('cri6', 'asd', '40bd001563085fc35165329ea1ff5c5ecbdbbeef', 'Active'),
('cst14', 'Sharda', '7c4a8d09ca3762af61e59520943dc26494f8941b', 'Active'),
('cri7', 'none', '7110eda4d09e062aa5e4a390b0a572ac0d2c0220', 'Active'),
('inf16', 'Heidari', '12cb5b79d6a26ec4dceea5d89911e767f8fed718', 'Active'),
('cri14', 'Doraghi', '20eabe5d64b0e216796e834f52d61fd0b70332fc', 'Active'),
('cst15', 'BBC', '40bd001563085fc35165329ea1ff5c5ecbdbbeef', 'Active'),
('cst16', 'Buzachi ', '20eabe5d64b0e216796e834f52d61fd0b70332fc', 'Active'),
('cri15', 'Jahan', '8cb2237d0679ca88db6464eac60da96345513964', 'Active'),
('cri16', 'Jet ', '40bd001563085fc35165329ea1ff5c5ecbdbbeef', 'Active'),
('cst17', 'Henda', '8cb2237d0679ca88db6464eac60da96345513964', 'Active'),
('cst18', 'Huseyn', '7c4a8d09ca3762af61e59520943dc26494f8941b', 'Active'),
('inf17', 'Kuralay', 'a286075043d42dcdce8d6668944e827f7a64024f', 'Active'),
('cst19', 'Al kaham', 'b1a1ee1729ad9d97390999a54c85296634d4b098', 'Active'),
('cst20', 'okynev', '7c4a8d09ca3762af61e59520943dc26494f8941b', 'Active'),
('cst21', 'JV', '7b52009b64fd0a2a49e6d8a939753077792b0554', 'Active'),
('cst22', 'mars', '7110eda4d09e062aa5e4a390b0a572ac0d2c0220', 'Active'),
('cst23', 'Herbion', '20eabe5d64b0e216796e834f52d61fd0b70332fc', 'Active'),
('cst24', 'Cherat', '7c4a8d09ca3762af61e59520943dc26494f8941b', 'Active'),
('cri17', 'Sharq', '8cb2237d0679ca88db6464eac60da96345513964', 'Active'),
('cri18', 'pishahang', '40bd001563085fc35165329ea1ff5c5ecbdbbeef', 'Active'),
('cri19', 'Iran dahr', '40bd001563085fc35165329ea1ff5c5ecbdbbeef', 'Active'),
('cri20', 'pishahangsirjan', '40bd001563085fc35165329ea1ff5c5ecbdbbeef', 'Active'),
('cri21', 'Iran danish', '7110eda4d09e062aa5e4a390b0a572ac0d2c0220', 'Active'),
('cri22', 'sharq trans servis', '40bd001563085fc35165329ea1ff5c5ecbdbbeef', 'Active'),
('cri23', 'PEY BAN TOOS ', '40bd001563085fc35165329ea1ff5c5ecbdbbeef', 'Active'),
('cri24', 'SOROOSH TARABER', '40bd001563085fc35165329ea1ff5c5ecbdbbeef', 'Active'),
('cri25', 'TARANNOM SHARGH', '40bd001563085fc35165329ea1ff5c5ecbdbbeef', 'Active'),
('cri26', 'ASHENA RAH', '40bd001563085fc35165329ea1ff5c5ecbdbbeef', 'Active'),
('cri27', 'haft', '7110eda4d09e062aa5e4a390b0a572ac0d2c0220', 'Active'),
('cst25', 'basf', '7110eda4d09e062aa5e4a390b0a572ac0d2c0220', 'Active'),
('cst26', 'Basf C', '8cb2237d0679ca88db6464eac60da96345513964', 'Active'),
('cst27', 'Vogel', '8cb2237d0679ca88db6464eac60da96345513964', 'Active'),
('cri28', 'IRANIAN B,ABBAS', '40bd001563085fc35165329ea1ff5c5ecbdbbeef', 'Active'),
('cri29', 'IRANIAN TEHRAN', '40bd001563085fc35165329ea1ff5c5ecbdbbeef', 'Active'),
('cri30', 'CHAIN INT,L TRANSPRT CO', '40bd001563085fc35165329ea1ff5c5ecbdbbeef', 'Active'),
('cri31', 'ARA FAKHTER ', '40bd001563085fc35165329ea1ff5c5ecbdbbeef', 'Active'),
('cri32', 'BAHARAN', '40bd001563085fc35165329ea1ff5c5ecbdbbeef', 'Active'),
('cri33', 'Rah ahan', '40bd001563085fc35165329ea1ff5c5ecbdbbeef', 'Active'),
('cri34', 'baltic', '7c4a8d09ca3762af61e59520943dc26494f8941b', 'Active'),
('cst28', 'ocoo', '7110eda4d09e062aa5e4a390b0a572ac0d2c0220', 'Active'),
('cst47', 'Globalink', 'f7c3bc1d808e04732adf679965ccc34ca7ae3441', 'Active'),
('cri35', 'Toshe', '8cb2237d0679ca88db6464eac60da96345513964', 'Active'),
('cri37', 'Sadafe daryaee', 'ac80376e1a9c2044eab1d2465634026e2449f497', 'Active'),
('inf20', 'Omid', 'ca20728d35f00c3a4c21b1fc8b0086b59f89df2d', 'Active'),
('cri38', 'sima', '7110eda4d09e062aa5e4a390b0a572ac0d2c0220', 'Active'),
('cst29', 'Makita', '7c4a8d09ca3762af61e59520943dc26494f8941b', 'Active'),
('cst30', 'makita ltd', '40bd001563085fc35165329ea1ff5c5ecbdbbeef', 'Active'),
('cri43', 'forogh', '8cb2237d0679ca88db6464eac60da96345513964', 'Active'),
('cst31', 'jash', '7110eda4d09e062aa5e4a390b0a572ac0d2c0220', 'Active'),
('cst32', 'ebara', '8cb2237d0679ca88db6464eac60da96345513964', 'Active'),
('cst33', 'wuxi', '7110eda4d09e062aa5e4a390b0a572ac0d2c0220', 'Active'),
('cst34', 'bak', '40bd001563085fc35165329ea1ff5c5ecbdbbeef', 'Active'),
('cri45', 'ZARIN BORNA INT,L CO', '7110eda4d09e062aa5e4a390b0a572ac0d2c0220', 'Active'),
('cri48', 'seas', '7110eda4d09e062aa5e4a390b0a572ac0d2c0220', 'Active'),
('cst35', 'karat', '7110eda4d09e062aa5e4a390b0a572ac0d2c0220', 'Active'),
('cst36', 'Airconditioning', '7b52009b64fd0a2a49e6d8a939753077792b0554', 'Active'),
('cst37', 'Mr', '7b52009b64fd0a2a49e6d8a939753077792b0554', 'Active'),
('cst38', 'tetra', '8cb2237d0679ca88db6464eac60da96345513964', 'Active'),
('cst39', 'ao', '7b52009b64fd0a2a49e6d8a939753077792b0554', 'Active'),
('cst40', 'AL KAZ', '8cb2237d0679ca88db6464eac60da96345513964', 'Active'),
('cri49', 'KHORSHID BARSAVA', '40bd001563085fc35165329ea1ff5c5ecbdbbeef', 'Active'),
('cri50', 'AFSHIN TEHRAN', '40bd001563085fc35165329ea1ff5c5ecbdbbeef', 'Active'),
('cst41', 'everest', '20eabe5d64b0e216796e834f52d61fd0b70332fc', 'Active'),
('cri51', 'bar wheel', '40bd001563085fc35165329ea1ff5c5ecbdbbeef', 'Active'),
('cst42', 'aria', '7110eda4d09e062aa5e4a390b0a572ac0d2c0220', 'Active'),
('cst43', 'kaspian', '20eabe5d64b0e216796e834f52d61fd0b70332fc', 'Active'),
('cst44', 'the', '40bd001563085fc35165329ea1ff5c5ecbdbbeef', 'Active'),
('cri52', 'TRAF INT,L CO', '40bd001563085fc35165329ea1ff5c5ecbdbbeef', 'Active'),
('cri53', 'sea', '40bd001563085fc35165329ea1ff5c5ecbdbbeef', 'Active'),
('cst45', 'GAC', '40bd001563085fc35165329ea1ff5c5ecbdbbeef', 'Active'),
('cst46', 'FOREIGN', '20eabe5d64b0e216796e834f52d61fd0b70332fc', 'Active'),
('cst48', 'Indira', '7c4a8d09ca3762af61e59520943dc26494f8941b', 'Active'),
('cst49', 'grebentsov', '01b307acba4f54f55aafc33bb06bbbf6ca803e9a', 'Active'),
('cri54', 'sea nave bar', '40bd001563085fc35165329ea1ff5c5ecbdbbeef', 'Active'),
('cst50', 'ranbaxy', '20eabe5d64b0e216796e834f52d61fd0b70332fc', 'Active'),
('cst51', 'too', '40bd001563085fc35165329ea1ff5c5ecbdbbeef', 'Active'),
('inf21', 'Atieh', '71ab8b6afb1bae3df247e0286da35e0da16564ff', 'Active'),
('cst52', 'ETS', '40bd001563085fc35165329ea1ff5c5ecbdbbeef', 'Active'),
('cst53', 'private ', '20eabe5d64b0e216796e834f52d61fd0b70332fc', 'Active'),
('cri56', 'SEA SABA CERVISE CO', '40bd001563085fc35165329ea1ff5c5ecbdbbeef', 'Active'),
('cri57', 'SEA SABA SERVICE CO', '40bd001563085fc35165329ea1ff5c5ecbdbbeef', 'Active'),
('cst54', 'searle', '7c4a8d09ca3762af61e59520943dc26494f8941b', 'Active'),
('cst55', 'eskhata', '20eabe5d64b0e216796e834f52d61fd0b70332fc', 'Active'),
('cri58', 'GOODARZ GORGAN INT,L CO', '40bd001563085fc35165329ea1ff5c5ecbdbbeef', 'Active'),
('cst56', 'caspian', '20eabe5d64b0e216796e834f52d61fd0b70332fc', 'Active'),
('cst57', 'mr.', '40bd001563085fc35165329ea1ff5c5ecbdbbeef', 'Active');

-- --------------------------------------------------------

-- 
-- Table structure for table `xxview`
-- 

CREATE TABLE `xxview` (
  `xname` varchar(50) collate utf8_persian_ci default NULL,
  `xsql` text collate utf8_persian_ci
) ENGINE=MyISAM DEFAULT CHARSET=utf8 COLLATE=utf8_persian_ci;

-- 
-- Dumping data for table `xxview`
-- 

INSERT INTO `xxview` (`xname`, `xsql`) VALUES 
('zzcontainer', 'create view zzcontainer AS select xcontainerid,xcarrierid,xcontainernumber,xcontainertype,xcontainersize,xown,xcarrier,xcarriertype,xphone,xfax,xmanager,xmanagerphone,xresponsible,xresponsiblephone,xaddress\r\nFROM xxcontainer\r\nNATURAL LEFT JOIN xxcarrier\r\nNATURAL LEFT JOIN xxcontainertype\r\nNATURAL LEFT JOIN xxcontainersize'),
('zzidentity', 'create OR REPLACE view zzidentity AS\r\nselect xxidentity.*, COALESCE(xcarrier, xoffice, CONCAT(xname, '' '', xfamily)) AS xpartyaccount, xcarriertype, COALESCE(cr.xphone,cu.xphone, of.xphone)AS xphone, COALESCE(cr.xfax, cu.xfax, of.xfax)AS xfax, xmanager, xmanagerphone, xresponsible, xresponsiblephone, COALESCE(cr.xaddress, cu.xaddress, of.xaddress) AS xaddress, xgender, xcompany, xpost, xcity, xcountryid, COALESCE(cu.xemail,of.xemail)AS xemail, COALESCE(cu.xwebsite, of.xwebsite)AS xwebsite, xdes, CASE SUBSTRING(xpartyaccountid, 1, 3) WHEN ''ofc'' THEN ''office'' WHEN ''cst'' THEN ''customer'' WHEN ''cri'' THEN ''carrier'' ELSE ''etc'' END AS xtype\r\nFROM xxidentity\r\nleft join xxoffice AS of on(CONCAT(''ofc'', xofficeid)=xpartyaccountid)\r\nleft join xxcustomer  AS cu on(CONCAT(''cst'', xcustomerid)=xpartyaccountid)\r\nleft join xxcarrier AS cr on(CONCAT(''cri'', xcarrierid)=xpartyaccountid)');

-- --------------------------------------------------------

-- 
-- Table structure for table `varrivalport`
-- 

CREATE  VIEW `varrivalport` AS select `xxport`.`xportid` AS `xarrivalportid`,`xxport`.`xport` AS `xarrivalport` from `xxport`;

-- --------------------------------------------------------

-- 
-- Table structure for table `vdepartureport`
-- 

CREATE  VIEW `vdepartureport` AS select `xxport`.`xportid` AS `xdepartureportid`,`xxport`.`xport` AS `xdepartureport` from `xxport`;

-- --------------------------------------------------------

-- 
-- Table structure for table `vreceiveroffice`
-- 

CREATE  VIEW `vreceiveroffice` AS select `xxoffice`.`xofficeid` AS `xreceiverofficeid`,`xxoffice`.`xoffice` AS `xreceiveroffice` from `xxoffice`;

-- --------------------------------------------------------

-- 
-- Table structure for table `vsenderoffice`
-- 

CREATE VIEW `vsenderoffice` AS select `xxoffice`.`xofficeid` AS `xsenderofficeid`,`xxoffice`.`xoffice` AS `xsenderoffice` from `xxoffice`;

-- --------------------------------------------------------

-- 
-- Table structure for table `xxmail_zzuser`
-- 

CREATE VIEW `xxmail_zzuser` AS select `xxuser_username`.`xusernameid` AS `xusernameid`,`xxuser_username`.`xusername` AS `xusername` from `xxuser_username` where (`xxuser_username`.`xuserstatus` = _utf8'Active');

-- --------------------------------------------------------

-- 
-- Table structure for table `xxreport_group`
-- 

CREATE VIEW `xxreport_group` AS select `xxuser_group`.`xgroupid` AS `xgroupid`,`xxuser_group`.`xgroup` AS `xgroup` from `xxuser_group`;

-- --------------------------------------------------------

-- 
-- Table structure for table `zzcontainer`
-- 

CREATE  VIEW `zzcontainer` AS select `xxcontainer`.`xcontainerid` AS `xcontainerid`,`xxcontainer`.`xcarrierid` AS `xcarrierid`,`xxcontainer`.`xcontainernumber` AS `xcontainernumber`,`xxcontainer`.`xcontainertypeid` AS `xcontainertypeid`,`xxcontainer`.`xcontainersizeid` AS `xcontainersizeid`,`xxcontainertype`.`xcontainertype` AS `xcontainertype`,`xxcontainersize`.`xcontainersize` AS `xcontainersize`,`xxcontainer`.`xown` AS `xown`,`xxcontainer`.`xcompanycontainer` AS `xcompanycontainer`,`xxcarrier`.`xcarrier` AS `xcarrier`,`xxcarrier`.`xcarriertype` AS `xcarriertype`,`xxcarrier`.`xphone` AS `xphone`,`xxcarrier`.`xfax` AS `xfax`,`xxcarrier`.`xmanager` AS `xmanager`,`xxcarrier`.`xmanagerphone` AS `xmanagerphone`,`xxcarrier`.`xresponsible` AS `xresponsible`,`xxcarrier`.`xresponsiblephone` AS `xresponsiblephone`,`xxcarrier`.`xaddress` AS `xaddress` from (((`xxcontainer` left join `xxcarrier` on((`xxcontainer`.`xcarrierid` = `xxcarrier`.`xcarrierid`))) left join `xxcontainertype` on((`xxcontainer`.`xcontainertypeid` = `xxcontainertype`.`xcontainertypeid`))) left join `xxcontainersize` on((`xxcontainer`.`xcontainersizeid` = `xxcontainersize`.`xcontainersizeid`)));

-- --------------------------------------------------------

-- 
-- Table structure for table `zzidentity`
-- 

CREATE  VIEW `zzidentity` AS select `xxidentity`.`xidentityid` AS `xidentityid`,`xxidentity`.`xpartyaccountid` AS `xpartyaccountid`,`xxidentity`.`xpartyaccountetc` AS `xpartyaccountetc`,coalesce(`cr`.`xcarrier`,`of`.`xoffice`,concat(`cu`.`xname`,_utf8' ',`cu`.`xfamily`)) AS `xpartyaccount`,`cr`.`xcarriertype` AS `xcarriertype`,coalesce(`cr`.`xphone`,`cu`.`xphone`,`of`.`xphone`) AS `xphone`,coalesce(`cr`.`xfax`,`cu`.`xfax`,`of`.`xfax`) AS `xfax`,`cr`.`xmanager` AS `xmanager`,`cr`.`xmanagerphone` AS `xmanagerphone`,`cr`.`xresponsible` AS `xresponsible`,`cr`.`xresponsiblephone` AS `xresponsiblephone`,coalesce(`cr`.`xaddress`,`cu`.`xaddress`,`of`.`xaddress`) AS `xaddress`,`cu`.`xgender` AS `xgender`,`cu`.`xcompany` AS `xcompany`,`cu`.`xpost` AS `xpost`,`cu`.`xcity` AS `xcity`,`cu`.`xcountryid` AS `xcountryid`,coalesce(`cu`.`xemail`,`of`.`xemail`) AS `xemail`,coalesce(`cu`.`xwebsite`,`of`.`xwebsite`) AS `xwebsite`,`cu`.`xdes` AS `xdes`,(case substr(`xxidentity`.`xpartyaccountid`,1,3) when _utf8'ofc' then _utf8'office' when _utf8'cst' then _utf8'customer' when _utf8'cri' then _utf8'carrier' else _utf8'etc' end) AS `xtype` from (((`xxidentity` left join `xxoffice` `of` on((concat(_utf8'ofc',`of`.`xofficeid`) = `xxidentity`.`xpartyaccountid`))) left join `xxcustomer` `cu` on((concat(_utf8'cst',`cu`.`xcustomerid`) = `xxidentity`.`xpartyaccountid`))) left join `xxcarrier` `cr` on((concat(_utf8'cri',`cr`.`xcarrierid`) = `xxidentity`.`xpartyaccountid`)));
